Name,Country_id,Gender,Gender Probability,Gender Count
Stefano,NA,male,1.0,13
Alexander,NA,male,0.95,203
Daniel,NA,male,0.97,1079
Christina,NA,female,0.99,175
Laurie,NA,female,0.64,14
Robert,NA,male,0.98,484
Daniel,NA,male,0.97,1079
Julia,NA,female,0.98,987
Danielle,NA,female,0.96,56
H.,NA,female,0.57,7
Sindhumathi,US,female,1.0,1
Seth,NA,male,0.95,66
David,US,male,1.0,1143153
James,AU,male,1.0,41343
Don,NA,male,0.99,142
Anna,NA,female,0.99,1718
David,NA,male,0.96,1945
Robert,GB,male,1.0,140218
Jennifer,NA,female,0.99,278
Gavin,NA,male,1.0,92
Theodor,NA,male,0.93,59
Yves,FR,male,0.99,34480
Thomas,FR,male,0.99,192586
Christopher,FR,male,0.99,27053
James,NA,male,0.98,601
Alexander,NA,male,0.95,203
William,NA,male,0.98,298
Andrew,NA,male,0.98,589
Katharine,NA,female,1.0,1
Natasha,NA,female,0.99,374
Patrick,NA,male,0.99,481
Pierpaolo,US,male,1.0,27
Kay,NA,female,0.67,46
William,US,male,1.0,452552
Nadine,US,female,1.0,21324
Aaron,NA,male,0.98,88
Bryan,NA,male,1.0,79
Carolyn,US,female,1.0,130620
Tim,US,male,1.0,300785
Lloyd,CA,male,1.0,3600
Nicholas,NA,male,1.0,51
Judith,US,female,1.0,64215
Lawrence,NA,male,0.98,124
Suzanne,NA,female,1.0,19
Mark,NA,male,0.99,196
Lydia,NA,female,0.99,763
L.,NA,female,0.75,4
Melina,US,female,1.0,6141
Holly,NA,female,0.65,17
Maureen,US,female,1.0,67890
Klára,NA,female,0.92,13
Geoffrey,NA,male,1.0,39
Judy,NA,female,0.98,88
Marco,NA,male,1.0,176
Judith,NA,female,0.99,125
Blake,NA,male,1.0,5
Stephen,US,male,1.0,241671
Victor,NA,male,0.99,596
W.,NA,male,1.0,2
Mary,NA,female,0.99,270
David,CA,male,1.0,100273
Clare,NA,female,0.63,8
Michael,US,male,1.0,1225359
Claudio,NA,male,0.96,23
Samuel,NA,male,0.97,758
Benjamin,NA,male,0.98,266
Von,NA,female,1.0,2
Julia,US,female,1.0,126268
Mark,US,male,1.0,639702
Pauline,NA,female,0.98,178
Francesca,NA,female,1.0,9
Craig,NA,male,1.0,30
Jason,NA,male,0.95,746
Jacqueline,US,female,1.0,102092
Kai,NA,male,0.82,22
Klára,NA,female,0.92,13
Ronit,NA,unknown,0.0,0
Steven,NA,male,0.98,573
Peter,NA,male,0.99,1178
Stephan,US,male,1.0,11128
Gayle,NA,female,1.0,4
Anna,NA,female,0.99,1718
Benjamin,US,male,1.0,126160
Joel,NA,male,0.96,359
Peter,US,male,1.0,252618
Mitchell,US,male,1.0,42316
Charles,NA,male,0.99,513
Carol,NA,female,0.99,138
Michael,NA,male,0.98,1387
Brian,NA,male,0.99,298
Cheryll,NA,female,1.0,1
David,NA,male,0.96,1945
Daniel,NA,male,0.97,1079
Rebecca,US,female,1.0,232025
Aaron,NA,male,0.98,88
Suzanne,US,female,1.0,89125
Georgia,NA,female,0.88,24
John,NA,male,0.99,2139
Michael,NA,male,0.98,1387
Roger,NA,male,0.99,129
Rhae,NA,unknown,0.0,0
Glenda,NA,female,0.98,41
Emma,GB,female,1.0,153324
Arved,NA,unknown,0.0,0
Zhuqing,NA,unknown,0.0,0
James,US,male,1.0,746260
David,US,male,1.0,1143153
Kristina,NA,female,0.93,30
David,NA,male,0.96,1945
J.,NA,male,0.88,34
Olivia,NA,female,0.99,537
Hyun,NA,unknown,0.0,0
Hannah,NA,female,1.0,51
Francesca,NA,female,1.0,9
James,NA,male,0.98,601
Emily,NA,female,0.98,466
Nancy,NA,female,1.0,292
Jessica,NA,female,0.98,363
Mark,NA,male,0.99,196
Nicole,NA,female,1.0,172
Helmut,NA,male,0.97,62
Christy,NA,female,0.84,91
Russell,NA,male,1.0,33
Matthew,NA,male,0.99,183
Daniel,NA,male,0.97,1079
Kevin,NA,male,1.0,299
Elaine,NA,female,1.0,115
Diane,NA,female,1.0,19
Andrew,NA,male,0.98,589
Catherine,NA,female,0.97,150
Maria,NA,female,0.98,2865
Jillian,NA,unknown,0.0,0
Daniel,NA,male,0.97,1079
Alison,NA,female,1.0,18
Jacob,NA,male,0.98,268
Nana,NA,female,0.73,40
Maia,NA,female,1.0,3
Peter,NA,male,0.99,1178
Emily,NA,female,0.98,466
Giada,NA,female,1.0,1
Alejandro,NA,male,1.0,7
Gabrielle,NA,female,0.91,11
Stephanie,NA,female,0.99,159
Steven,NA,male,0.98,573
Inge,NA,female,0.99,73
Katherine,NA,female,1.0,25
Carmel,NA,unknown,0.0,0
Noel,NA,male,0.94,18
Stephanie,NA,female,0.99,159
Roger,NA,male,0.99,129
Jonathan,NA,male,0.98,224
Louis,NA,male,0.93,213
Maeve,NA,unknown,0.0,0
Stephen,GB,male,1.0,137460
Pauline,NA,female,0.98,178
Ben,GB,male,1.0,121189
Laura,NA,female,0.99,99
Jeffrey,US,male,1.0,177405
Alberto,NA,male,0.94,102
Andreas,NA,male,0.95,1232
Alexandra,NA,female,0.95,39
James,NA,male,0.98,601
Janette,NA,female,1.0,19
Roger,NA,male,0.99,129
Jonathan,NA,male,0.98,224
Anthony,NA,male,0.99,195
Jonathan,NA,male,0.98,224
Rachel,NA,female,0.99,621
Stephanie,GB,female,1.0,39187
Christopher,GB,male,1.0,67360
Roger,NA,male,0.99,129
Rita,NA,female,0.98,132
Frederick,NA,male,0.95,59
James,NA,male,0.98,601
Elissa,NA,female,1.0,1
Michael,NA,male,0.98,1387
J.,NA,male,0.88,34
K.,NA,male,0.78,9
Kerry,NA,female,1.0,6
Elaine,NA,female,1.0,115
Jeanice,GB,female,1.0,9
Mark,NA,male,0.99,196
Christopher,NA,male,0.99,157
Steven,NA,male,0.98,573
Regula,NA,unknown,0.0,0
François,NA,male,1.0,266
Elizabeth,NA,female,0.99,1812
Yolanda,NA,female,0.99,108
Wendy,NA,female,0.98,246
Jonathan,NA,male,0.98,224
Anthony,NA,male,0.99,195
David,HK,male,0.99,10009
Nicholas,NA,male,1.0,51
Donald,NA,male,1.0,117
Sarah,NA,female,0.99,324
Marcia,NA,female,1.0,36
Joseph,NA,male,0.96,1630
Renata,GB,female,0.99,4807
Richard,NA,male,0.98,534
Rogério,NA,male,1.0,1
John,NA,male,0.99,2139
David,NA,male,0.96,1945
Nancy,NA,female,1.0,292
Rachel,NA,female,0.99,621
Stephanie,GB,female,1.0,39187
Mark,US,male,1.0,639702
Oliver,NA,male,0.96,71
Bryan,GB,male,1.0,13104
Graham,CA,male,1.0,6824
Donna,NA,female,0.94,53
Pauline,NA,female,0.98,178
Nicholas,NA,male,1.0,51
Alastair,NA,male,1.0,12
Kerry,NA,female,1.0,6
Marco,NA,male,1.0,176
Oliver,NA,male,0.96,71
Robert,NA,male,0.98,484
Sarah,NA,female,0.99,324
Gavin,NA,male,1.0,92
Candace,NA,female,1.0,4
Matthew,US,male,1.0,397759
Ross,NA,male,0.75,4
Shersten,NA,unknown,0.0,0
Matthew,NA,male,0.99,183
Mark,NA,male,0.99,196
Simon,NA,male,0.96,1665
Nicholas,NA,male,1.0,51
K.,US,male,0.59,2866
Stephen,NA,male,0.98,124
Barry,NA,male,1.0,46
Brian,NA,male,0.99,298
John,NA,male,0.99,2139
Don,NA,male,0.99,142
George,NA,male,0.99,803
Daniel,NA,male,0.97,1079
James,NA,male,0.98,601
Roger,NA,male,0.99,129
Rob,NA,male,1.0,28
C.,NA,male,0.75,4
Rupert,NA,male,1.0,10
Mark,GB,male,1.0,282954
Suzanne,NA,female,1.0,19
Mary,NA,female,0.99,270
Rachel,NA,female,0.99,621
Craig,US,male,1.0,148310
Helen,NA,female,0.99,193
Michael,GB,male,1.0,210764
John,NA,male,0.99,2139
Derek,NA,male,1.0,33
Keith,GB,male,1.0,59806
Warwick,NA,male,1.0,2
Fiona,NA,female,1.0,87
Mark,NA,male,0.99,196
Caroline,NA,female,0.99,340
Ellen,NA,female,0.97,214
Massimo,IN,male,1.0,33
Tsung-Han,US,male,1.0,7
Mikhail,DE,male,1.0,606
Benedict,NA,male,1.0,31
William,DE,male,1.0,2753
Laur,IE,female,0.74,23
Katherine,GB,female,1.0,19009
Drew,US,male,0.97,19976
Geoffrey,GB,male,1.0,8210
Thomas,BE,male,1.0,24346
Yoel,IL,male,1.0,1529
Marianne,SE,female,1.0,7051
Francesca,GB,female,1.0,15030
Oliver,GB,male,1.0,36734
Blake,US,male,0.97,16962
Patrick,GB,male,1.0,39136
Cheong,HK,male,0.94,723
Gregory,IN,male,1.0,513
Rebecca,US,female,1.0,232025
James,GB,male,1.0,280634
Matthew,US,male,1.0,397759
Peter,GB,male,1.0,192094
Seth,US,male,1.0,53409
Ross,US,male,0.98,39345
Elisabeth,US,female,1.0,16496
Carlo,GB,male,1.0,2701
Keri,HK,female,0.89,36
Tim,GB,male,1.0,68251
Austin,GB,male,0.99,3732
Sarah,NA,female,0.99,324
Keith,NA,male,0.97,75
Fabio,CA,male,1.0,1430
Daniel,GB,male,1.0,150020
John,GB,male,1.0,368613
Erika,US,female,1.0,82388
Ferran,ES,male,0.99,6283
Tess,ES,female,0.98,279
Robert,US,male,1.0,780374
Fiona,IE,female,1.0,10313
James,GB,male,1.0,280634
Amanda,NA,female,0.99,307
Bryan,GB,male,1.0,13104
Jacob,US,male,1.0,173357
Philip,NA,male,0.99,162
Nicholas,GB,male,1.0,27021
Catherine,GB,female,1.0,50492
Vincent,US,male,1.0,76683
Andrew,US,male,1.0,401335
Shaena,GB,female,1.0,19
Sean,IE,male,1.0,19797
Eva,CA,female,1.0,6632
Erinn,US,female,0.96,419
Sarah,AU,female,1.0,33888
Floris,NL,male,0.99,3516
Christopher,GB,male,1.0,67360
Robert,US,male,1.0,780374
Melinda,US,female,1.0,52470
Marc,AT,male,1.0,1745
Jon,GB,male,1.0,50765
Stefan,GB,male,0.99,11463
Amanda,GB,female,1.0,62214
John,GB,male,1.0,368613
Patrick,NA,male,0.99,481
Dan,IL,male,0.99,6519
David,GB,male,1.0,381854
Stefanie,BE,female,0.99,5350
David,NA,male,0.96,1945
Martin,US,male,1.0,119219
Keith,GB,male,1.0,59806
Maria,IT,female,0.99,469097
Catherine,GB,female,1.0,50492
Ellen,NA,female,0.97,214
Donald,GB,male,0.99,9418
Mary,US,female,1.0,636921
Thomas,GB,male,1.0,76311
Ilias,US,male,1.0,462
Heike,DE,female,0.99,42495
Steffen,GB,male,0.99,269
Wieland,AT,male,0.88,17
Joseph,US,male,1.0,402489
Rebecca,US,female,1.0,232025
Barbara,GB,female,1.0,34646
Georgina,GB,female,1.0,19500
Eric,GB,male,1.0,19438
Mark,GB,male,1.0,282954
Liza,GB,female,1.0,3033
Nicholas,BE,male,1.0,643
Michael,GB,male,1.0,210764
Andrea,US,female,0.99,218787
Florian,GB,male,0.99,1298
Thomas,US,male,1.0,360809
Ascensión,ES,female,0.99,701
Delphine,GB,female,1.0,978
Scott,US,male,1.0,437610
John,AU,male,1.0,80338
Leah,GB,female,1.0,17301
Sam,GB,male,0.87,127642
Michael,GB,male,1.0,210764
J.,AU,male,0.86,114
Tess,ES,female,0.98,279
Matthias,GB,male,1.0,776
Julia,GB,female,1.0,34843
Neil,NL,male,1.0,581
Joys,HK,female,1.0,18
Stephen,GB,male,1.0,137460
Meghan,SE,female,1.0,14
Kirill,RU,male,0.99,20951
Joseph,GB,male,1.0,38183
Reuben,GB,male,1.0,2731
Jos,NA,male,0.76,17
Matthew,GB,male,1.0,114878
Paul,BE,male,0.99,19488
David,GB,male,1.0,381854
James,BE,male,0.99,2576
Nicholas,GB,male,1.0,27021
Melissa,ZA,female,1.0,8355
Kirsten,GB,female,1.0,6461
Roz,GB,female,0.99,2316
Adam,GB,male,1.0,126969
Emily,GB,female,1.0,66561
Donald,GB,male,0.99,9418
Cheryll,GB,female,1.0,217
James,GB,male,1.0,280634
Alana,US,female,1.0,15880
Maurice,IT,male,0.98,873
Eleanor,GB,female,1.0,16635
Andrew,PT,male,0.99,319
Michele,US,female,1.0,118226
Alberto,GB,male,1.0,3887
Elzbieta,PL,female,0.99,8023
Jillian,IN,female,1.0,57
Abigail,US,female,1.0,50499
Jennifer,AU,female,1.0,15124
H.,GB,male,0.7,375
Jemima,AU,female,1.0,359
Edwin,HK,male,0.99,2168
Esther,GE,female,1.0,1
Paul,AU,male,1.0,55608
Jennifer,US,female,1.0,650408
David,NL,male,1.0,17095
Leendert,IT,male,1.0,1
By,SE,male,1.0,2
Maria,GB,female,0.99,64876
Rebecca,GB,female,1.0,85698
Kenneth,GB,male,1.0,13465
Danielle,GB,female,1.0,36366
Benjamin,US,male,1.0,126160
Leah,AT,female,1.0,59
Clare,US,female,0.98,2591
Ángela,ES,female,0.99,3281
Luca,ES,female,0.71,6557
Daniel,GB,male,1.0,150020
Rosemary,GB,female,1.0,11527
Asier,ES,male,0.99,11333
Silvio,US,male,1.0,3393
Andrew,NA,male,0.98,589
Robert,NA,male,0.98,484
Paul,NA,male,0.98,549
Alice,US,female,1.0,69089
Marjorie,NA,female,1.0,19
Joshua,NA,male,0.98,181
Rob,NA,male,1.0,28
Ruth,NA,female,0.98,296
John,NA,male,0.99,2139
John,GB,male,1.0,368613
Ellen,NA,female,0.97,214
Jane,NA,female,0.99,178
Deborah,NA,female,0.98,51
Alejandro,US,male,1.0,69221
Amanda,NA,female,0.99,307
David,NA,male,0.96,1945
Olivia,US,female,1.0,79470
Paula,NA,female,0.98,245
Arved,NA,unknown,0.0,0
Robert,GB,male,1.0,140218
Ralph,NA,male,0.98,82
David,NA,male,0.96,1945
David,US,male,1.0,1143153
Jason,NA,male,0.95,746
Amy,NA,female,0.96,69
Simon,NA,male,0.96,1665
Nelly,NA,female,0.85,322
Stefanie,NA,female,1.0,29
Stephen,US,male,1.0,241671
Margaret,NA,female,1.0,117
Benjamin,US,male,1.0,126160
Nathan,US,male,1.0,145306
Marcia,NA,female,1.0,36
Olga,NA,female,0.99,179
Dana,US,female,0.87,24792
Todd,US,male,1.0,156995
Silvio,NA,male,1.0,9
David,NA,male,0.96,1945
Su,HK,female,0.8,319
John,NA,male,0.99,2139
David,US,male,1.0,1143153
Jess,US,male,0.77,28925
Karol,NA,female,0.5,2
Beth,NA,female,1.0,8
Christoph,NA,male,0.97,79
Margaret,US,female,1.0,120485
Rebecca,NA,female,0.97,203
Joseph,NA,male,0.96,1630
Michele,US,female,1.0,118226
Bruce,NA,male,0.99,105
Blake,NA,male,1.0,5
Sean,NA,male,0.99,108
Daniel,NA,male,0.97,1079
Robert,US,male,1.0,780374
Joseph,NA,male,0.96,1630
Beverly,US,female,1.0,74332
Lawrence,NA,male,0.98,124
Christopher,US,male,1.0,374242
Rebecca,NA,female,0.97,203
Mark,NA,male,0.99,196
W.,US,male,0.94,4794
Gregory,NA,male,1.0,100
David,NA,male,0.96,1945
Phil,IN,male,0.99,190
Marcus,IE,male,1.0,1065
Robin,NA,male,0.85,26
Leeman,NA,unknown,0.0,0
L.,NA,female,0.75,4
Peter,US,male,1.0,252618
Thomas,NA,male,0.96,1082
Elizabeth,NA,female,0.99,1812
Stefano,NA,male,1.0,13
Valeria,GB,female,0.99,1878
Stephanie,NA,female,0.99,159
Don,IN,male,0.98,2901
Jeannie,NA,female,1.0,8
David,NA,male,0.96,1945
Walter,US,male,1.0,78226
Peter,US,male,1.0,252618
Elizabeth,NA,female,0.99,1812
Jeffrey,NA,male,0.99,114
Carla,FR,female,0.99,16367
Catherine,NA,female,0.97,150
David,NA,male,0.96,1945
Lisa,US,female,1.0,512578
Michael,NA,male,0.98,1387
Michael,NA,male,0.98,1387
Sean,US,male,1.0,201492
David,BE,male,0.99,32613
Blake,US,male,0.97,16962
Giovanni,IN,male,0.98,51
Jonathan,NA,male,0.98,224
Danuta,NA,unknown,0.0,0
Charles,US,male,1.0,289213
Marianne,NA,female,0.98,81
Julie,CA,female,1.0,36698
Emma,NA,female,0.97,380
Richard,US,male,1.0,472162
Rachel,NA,female,0.99,621
Peter,NA,male,0.99,1178
Jesse,NA,male,0.89,47
Claudia,NA,female,0.98,406
Matthew,US,male,1.0,397759
Kailan,NA,unknown,0.0,0
Monica,NA,female,0.98,594
Don,NA,male,0.99,142
Uri,NA,female,0.5,8
Michael,US,male,1.0,1225359
Blake,NA,male,1.0,5
Gabrielle,NA,female,0.91,11
Rachel,NA,female,0.99,621
David,NA,male,0.96,1945
Jordan,NA,male,0.86,87
Lesley,NA,male,0.89,114
Alan,NA,male,0.98,42
Walter,US,male,1.0,78226
James,NA,male,0.98,601
Judith,NA,female,0.99,125
Michele,NA,female,0.93,28
Vladimir,NA,male,1.0,9
Catherine,US,female,1.0,122532
Simon,US,male,1.0,34277
Karol,NA,female,0.5,2
Yoel,IL,male,1.0,1529
Paul,NA,male,0.98,549
Henry,NA,male,0.99,286
Nate,NA,female,0.5,8
Jessica,NA,female,0.98,363
Christopher,US,male,1.0,374242
Donald,US,male,1.0,130737
Anthony,NA,male,0.99,195
Michael,NA,male,0.98,1387
Andrew,NA,male,0.98,589
Joseph,NA,male,0.96,1630
Fanny,NA,male,0.63,19
Eva,GB,female,0.99,10969
David,NA,male,0.96,1945
Erika,NA,female,0.98,141
Lasse,NA,male,1.0,1
Christopher,US,male,1.0,374242
Hilary,NA,female,0.77,26
John,US,male,1.0,1328805
Keri,NA,female,1.0,3
Anna,US,female,1.0,195727
Jason,AU,male,1.0,27168
David,US,male,1.0,1143153
Mary,NA,female,0.99,270
Anthony,US,male,1.0,350418
Rebecca,NA,female,0.97,203
Minji,NA,unknown,0.0,0
Susan,US,female,1.0,400313
Jacomien,NA,female,1.0,5
Gina,NA,female,1.0,98
James,NA,male,0.98,601
Miki,NA,female,0.5,4
Benjamin,NA,male,0.98,266
Marianne,NA,female,0.98,81
Benjamin,NA,male,0.98,266
Andreas,NA,male,0.95,1232
Emily,NA,female,0.98,466
Joseph,NA,male,0.96,1630
Hedy,NA,unknown,0.0,0
Olivia,NA,female,0.99,537
Jessica,NA,female,0.98,363
Alexandria,NA,female,1.0,3
Parkorn,NA,unknown,0.0,0
Pablo,NA,male,0.91,23
Daniel,NA,male,0.97,1079
Andrea,NA,female,0.88,129
Catherine,FR,female,0.99,142714
Richard,NA,male,0.98,534
Tom,NA,male,0.98,96
Christopher,NA,male,0.99,157
Richard,NA,male,0.98,534
Philip,NA,male,0.99,162
Peter,NA,male,0.99,1178
Peter,NA,male,0.99,1178
Aurèlia,NA,female,1.0,41
David,NA,male,0.96,1945
John,NA,male,0.99,2139
Rachel,NA,female,0.99,621
Mary,NA,female,0.99,270
Philippa,NA,female,1.0,1
Peng,NA,male,1.0,3
Nicole,NA,female,1.0,172
Stephanus,NA,male,0.93,97
Jeffrey,NA,male,0.99,114
Julia,NA,female,0.98,987
Daniel,HK,male,0.99,5864
Thomas,GB,male,1.0,76311
Sam,NA,male,0.96,431
Leah,NA,female,1.0,60
Martin,NA,male,0.97,1306
Gideon,NA,male,0.96,440
Barbara,NA,female,0.99,117
Bret,NA,male,1.0,2
Vera,NA,female,0.98,51
Clara,NA,female,0.98,62
Anthony,NA,male,0.99,195
J.,NA,male,0.88,34
Rose,NA,female,0.98,312
Anna,NA,female,0.99,1718
Thomas,NA,male,0.96,1082
Truman,NA,male,1.0,4
Evan,NA,male,0.93,14
James,US,male,1.0,746260
Pauline,NA,female,0.98,178
Michael,NA,male,0.98,1387
Emily,NA,female,0.98,466
William,NA,male,0.98,298
Nicholas,NA,male,1.0,51
Samantha,NA,female,1.0,181
Samuel,NA,male,0.97,758
Katharine,NA,female,1.0,1
Thomas,NA,male,0.96,1082
Pascal,NA,male,1.0,21
Rebecca,NA,female,0.97,203
Thokozani,NA,unknown,0.0,0
Ariana,NA,female,1.0,11
Alexander,NA,male,0.95,203
Melanie,NA,female,0.98,163
James,NA,male,0.98,601
Virginia,NA,female,1.0,76
August,NA,male,0.66,71
Devon,NA,male,1.0,5
Peter,NA,male,0.99,1178
Danielle,NA,female,0.96,56
Barbara,NA,female,0.99,117
Paul,NA,male,0.98,549
Kyle,NA,male,0.94,33
Henry,NA,male,0.99,286
Allan,US,male,1.0,34456
Roberta,US,female,1.0,32909
Marcia,US,female,1.0,55289
Anastasia,GR,female,1.0,9501
Keith,NZ,male,1.0,1702
Steven,CA,male,1.0,22515
Ingrid,GB,female,1.0,3721
Martin,GB,male,1.0,121421
Adrian,NA,male,0.96,28
Maiko,US,female,0.54,151
Kerry,AU,female,0.66,325
Kerry,AU,female,0.66,325
Margaret,DK,female,1.0,102
Charles,NA,male,0.99,513
Natasha,GB,female,1.0,31283
Katherine,US,female,1.0,129200
Jeremy,GB,male,1.0,18634
Kerry,AU,female,0.66,325
Jennifer,AU,female,1.0,15124
Suzanne,GB,female,1.0,24728
Suzanne,AU,female,1.0,5897
Julie,US,female,1.0,282584
Ian,GB,male,1.0,158624
Steven,NA,male,0.98,573
Derek,GB,male,1.0,34345
Jeremy,GB,male,1.0,18634
Nancy,US,female,1.0,322042
John,GB,male,1.0,368613
Benedict,DE,male,1.0,1023
Thomas,GB,male,1.0,76311
Daniel,HK,male,0.99,5864
Marianna,US,female,1.0,6303
Matthew,NA,male,0.99,183
Michael,US,male,1.0,1225359
Jennifer,AU,female,1.0,15124
Mathew,GB,male,1.0,9126
Kostas,US,male,1.0,978
Xavier,FR,male,1.0,73546
Jennifer,CA,female,1.0,50800
Marcia,US,female,1.0,55289
Andrew,IE,male,1.0,8759
Denise,US,female,1.0,183952
Patrick,US,male,1.0,250584
Stella,US,female,1.0,21615
E.,US,male,0.66,4302
Anastasia,US,female,1.0,15412
Susanna,NA,female,0.99,119
James,CA,male,1.0,49850
R.,US,male,0.89,7995
Marian,US,female,0.99,22167
Katherine,US,female,1.0,129200
Julian,GB,male,1.0,20079
Ryan,GB,male,1.0,79672
David,CA,male,1.0,100273
Hans,US,male,1.0,12742
Francesco,GB,male,1.0,4430
Brian,US,male,1.0,541540
Don,CA,male,1.0,21964
Ralph,US,male,1.0,64935
Kevin,GB,male,1.0,102900
Cormac,GB,male,1.0,1000
Susan,GB,female,1.0,75028
Beatrix,AT,female,0.99,1089
Cornelia,DE,female,0.99,15779
Ralph,US,male,1.0,64935
Thérèse,AU,female,1.0,4
John,US,male,1.0,1328805
Donald,US,male,1.0,130737
Denise,NA,female,1.0,111
Catrina,CA,female,1.0,202
Inge,NZ,female,1.0,50
Susan,US,female,1.0,400313
Sylvie,FR,female,0.99,185229
John,GB,male,1.0,368613
James,CA,male,1.0,49850
Andrew,US,male,1.0,401335
Graham,US,male,1.0,15466
Andreas,US,male,1.0,7112
Alan,NZ,male,1.0,3181
Peter,GB,male,1.0,192094
Catherine,GB,female,1.0,50492
James,US,male,1.0,746260
Susan,FR,female,0.99,2416
Alexandra,GB,female,1.0,23392
Robert,IN,male,1.0,4128
Philip,US,male,1.0,82876
James,US,male,1.0,746260
Aaron,US,male,1.0,205289
Rosemary,GB,female,1.0,11527
Katy,NA,female,0.93,14
Maria,NA,female,0.98,2865
Bennett,GB,male,0.92,65
Bennett,GB,male,0.92,65
Jeremy,GB,male,1.0,18634
Jonathan,GB,male,1.0,72078
Allan,US,male,1.0,34456
Byron,NA,male,1.0,36
Susan,GB,female,1.0,75028
Robert,US,male,1.0,780374
Tobias,SE,male,1.0,11353
Janice,AU,female,1.0,3115
Christina,US,female,1.0,199439
Emma,GB,female,1.0,153324
Brianna,NA,female,1.0,6
Robert,NA,male,0.98,484
Mark,US,male,1.0,639702
David,US,male,1.0,1143153
Dan,NA,male,0.96,47
Nancy,NA,female,1.0,292
Robin,NA,male,0.85,26
Marie,ZA,female,0.99,4531
Steven,NA,male,0.98,573
Richard,NA,male,0.98,534
Timothy,US,male,1.0,159894
Benedict,GB,male,0.99,1718
Helen,GB,female,1.0,106677
Peter,NA,male,0.99,1178
Kelly,NA,female,0.86,148
William,NA,male,0.98,298
Susan,GB,female,1.0,75028
Michael,US,male,1.0,1225359
Richard,US,male,1.0,472162
Naomi,NA,female,0.97,310
Sarah,GB,female,1.0,214105
Stephen,NA,male,0.98,124
Matthew,NA,male,0.99,183
Claudio,NA,male,0.96,23
Dragana,NA,unknown,0.0,0
Aleksandar,NA,unknown,0.0,0
Kiku,DK,female,1.0,2
Rosemary,GB,female,1.0,11527
Erin,US,female,1.0,167455
Anna,AU,female,1.0,15742
Noel,US,male,0.91,10077
Brian,NA,male,0.99,298
Robert,NA,male,0.98,484
Alexandra,US,female,1.0,88612
Haiganuş,AT,unknown,0.0,0
Benjamin,NA,male,0.98,266
Matthew,US,male,1.0,397759
Laurie,NA,female,0.64,14
Denise,AU,female,1.0,6128
Margaret,NA,female,1.0,117
Don,NA,male,0.99,142
Yasuko,JP,female,1.0,1356
Jacquelyn,NA,unknown,0.0,0
Carmel,NA,unknown,0.0,0
David,NA,male,0.96,1945
Douglas,AU,male,1.0,2467
David,GB,male,1.0,381854
Mine,GB,female,0.77,104
Sean,NA,male,0.99,108
Peter,GB,male,1.0,192094
Laura,NA,female,0.99,99
Gabriela,PT,female,0.99,5229
Daniel,GB,male,1.0,150020
Erik,NO,male,1.0,9558
Elizabeth,NA,female,0.99,1812
Douglas,NA,male,1.0,70
Stephen,NA,male,0.98,124
J.,GB,male,0.84,1504
Susan,US,female,1.0,400313
Damien,NA,male,1.0,14
Ralph,NA,male,0.98,82
Emily,NA,female,0.98,466
Peter,NA,male,0.99,1178
Sarah,AU,female,1.0,33888
David,NA,male,0.96,1945
Sherry,NA,female,1.0,10
Ena,JP,female,0.99,117
Gavin,NA,male,1.0,92
Hermann,DE,male,1.0,10829
Briony,GB,female,1.0,1593
Christopher,NA,male,0.99,157
Martin,GB,male,1.0,121421
Emily,GB,female,1.0,66561
Michel,GB,male,0.89,745
Lynn,NA,female,1.0,34
Mary,US,female,1.0,636921
Kirill,NA,unknown,0.0,0
Brent,NA,male,0.91,11
Valentina,US,female,1.0,12061
Joanne,NA,female,0.96,28
Tim,NA,male,1.0,40
Marten,GB,male,0.99,161
Jacek,NA,unknown,0.0,0
Jessie,NA,female,0.75,24
Paul,AU,male,1.0,55608
Trevor,GB,male,1.0,27907
Mine,GB,female,0.77,104
Steven,CA,male,1.0,22515
Joanne,GB,female,1.0,61007
Ryan,NA,male,0.98,83
Mark,NA,male,0.99,196
Michelle,NA,female,0.98,464
Paul,NA,male,0.98,549
Sarah,NA,female,0.99,324
George,GB,male,0.99,82147
Simon,NA,male,0.96,1665
Howard,US,male,1.0,55274
Matthew,NA,male,0.99,183
Harald,CA,male,1.0,222
Rufus,NA,male,1.0,22
David,NA,male,0.96,1945
Mary,NA,female,0.99,270
Holly,US,female,1.0,97025
Jeremy,NA,male,0.99,98
Francesco,GB,male,1.0,4430
Richard,US,male,1.0,472162
Ralph,US,male,1.0,64935
April,US,female,1.0,102879
Julia,NL,female,1.0,8491
Justin,US,male,1.0,282002
Susan,NA,female,0.99,329
Joanna,US,female,1.0,50150
Lindsay,NA,female,1.0,14
Marijana,RS,female,0.99,4181
Emily,NA,female,0.98,466
Tekla,NA,female,1.0,41
Daniele,IT,male,0.99,201940
Robert,US,male,1.0,780374
Katharina,US,female,1.0,1588
Roberta,US,female,1.0,32909
Adeline,NA,female,1.0,31
Sarah,US,female,1.0,416527
Ditlev,GB,male,1.0,1
Genevieve,NA,female,1.0,50
Cheng,NA,male,1.0,1
Samuel,PA,male,0.99,2902
Ryan,US,male,1.0,385071
Evan,US,male,1.0,69356
Eva,CA,female,1.0,6632
Reuben,NA,male,0.97,33
Ellen,CA,female,1.0,5296
Peter,US,male,1.0,252618
Francesca,US,female,1.0,14892
Katelyn,CA,female,1.0,2191
R.,US,male,0.89,7995
Marco,GB,male,1.0,10679
Michelle,GB,female,1.0,85177
Alexander,NA,male,0.95,203
Ji-Young,NA,unknown,0.0,0
Maria,GB,female,0.99,64876
Ditlev,NA,unknown,0.0,0
Erin,US,female,1.0,167455
Steven,CA,male,1.0,22515
James,US,male,1.0,746260
Jamie,CA,male,0.71,4922
Fabio,NA,male,0.96,23
Emily,NA,female,0.98,466
Andrea,IT,male,0.79,622628
Amanda,CA,female,1.0,30893
Marianne,NA,female,0.98,81
Lauri,FI,male,0.62,7876
Julie,NA,female,0.99,70
Simon,NA,male,0.96,1665
Ralph,NA,male,0.98,82
Heather,US,female,1.0,259482
Elizabeth,US,female,1.0,363876
Tekla,NA,female,1.0,41
Christopher,US,male,1.0,374242
Peter,NA,male,0.99,1178
William,GB,male,1.0,62705
Christopher,CA,male,1.0,20940
Estelle,CA,female,1.0,1328
Nicole,US,female,1.0,297519
Kirill,NA,unknown,0.0,0
Lawrence,NA,male,0.98,124
Berthold,NA,male,1.0,29
Jos,GB,male,0.9,834
Tamsin,GB,female,1.0,2966
Rutger,NL,male,1.0,5942
Jonathan,US,male,1.0,269512
Cole,NA,male,1.0,13
Suzanne,AU,female,1.0,5897
Jillian,IN,female,1.0,57
Theodor,RO,male,1.0,417
Candida,IT,female,0.99,2510
Hamish,NA,unknown,0.0,0
Vera,AR,female,0.94,466
Robert,US,male,1.0,780374
Sonja,NA,female,1.0,213
Jessie,NA,female,0.75,24
Philip,CA,male,1.0,9318
Emilio,NA,male,0.88,16
Sam,DE,male,0.85,5361
Dorian,NA,male,0.88,17
Morteza,NA,unknown,0.0,0
João,NA,male,1.0,15
Rutger,NL,male,1.0,5942
Christian,GB,male,0.99,16821
Ralph,US,male,1.0,64935
Jacob,NA,male,0.98,268
Erin,GB,female,0.99,9223
Dylan,NA,male,0.96,55
Dan,IL,male,0.99,6519
David,AU,male,1.0,79762
Tamsin,GB,female,1.0,2966
Mike,NA,male,0.99,538
Tommaso,NA,unknown,0.0,0
Mark,US,male,1.0,639702
Kate,GB,female,1.0,66791
Anirban,IN,male,1.0,907
Sio,GB,female,0.62,26
Bruno,GB,male,0.99,4781
Lawrence,NA,male,0.98,124
Anna,IT,female,0.99,408370
Andrew,NA,male,0.98,589
Axel,NA,male,1.0,49
Zachary,NA,male,0.91,11
Robert,NA,male,0.98,484
Naphtali,NA,male,0.75,4
John,NA,male,0.99,2139
Michael,NA,male,0.98,1387
Robert,NA,male,0.98,484
Paul,NA,male,0.98,549
Michael,NA,male,0.98,1387
Frank,US,male,1.0,244714
Sami,US,male,0.62,4106
David,NA,male,0.96,1945
Matthew,US,male,1.0,397759
Elizabeth,NA,female,0.99,1812
Stephen,NA,male,0.98,124
L.,NA,female,0.75,4
Julian,NA,male,0.72,115
Daniel,NA,male,0.97,1079
Michael,NA,male,0.98,1387
Yonatan,NA,unknown,0.0,0
Alan,CA,male,1.0,13260
Adam,NA,male,0.99,77
Kevin,NA,male,1.0,299
Rob,NA,male,1.0,28
Richard,NA,male,0.98,534
C.,US,male,0.76,6761
Nicholas,US,male,1.0,171192
Joseph,NA,male,0.96,1630
Joseph,NA,male,0.96,1630
Jonathan,NA,male,0.98,224
Benedict,NA,male,1.0,31
Stephen,US,male,1.0,241671
Edward,NA,male,0.96,364
John,NA,male,0.99,2139
Daniel,NA,male,0.97,1079
Dmitri,NA,male,1.0,5
Stefania,NA,female,1.0,9
Andrew,NA,male,0.98,589
Samuel,NA,male,0.97,758
Eytan,IL,male,0.99,666
Nancy,NA,female,1.0,292
Dmitri,NA,male,1.0,5
Roger,US,male,1.0,122837
Joseph,US,male,1.0,402489
Jairo,NA,unknown,0.0,0
Lynne,NA,female,0.93,14
Marion,NA,female,0.93,45
Peter,US,male,1.0,252618
Robert,NA,male,0.98,484
Chitravina,NA,unknown,0.0,0
Matthew,NA,male,0.99,183
Inessa,US,female,1.0,780
Robert,NA,male,0.98,484
Brett,US,male,1.0,81001
Dora,NA,female,0.85,27
Andrew,NA,male,0.98,589
Stephen,NA,male,0.98,124
David,NA,male,0.96,1945
Jeffrey,NA,male,0.99,114
Stephen,NA,male,0.98,124
Graham,NA,male,1.0,36
Mark,CA,male,1.0,56757
Peter,US,male,1.0,252618
Seth,US,male,1.0,53409
Scott,NA,male,0.95,22
David,NA,male,0.96,1945
Ann,NA,female,0.99,70
Alexander,NA,male,0.95,203
Jeannie,NA,female,1.0,8
Blair,IN,male,0.75,4
Elizabeth,NA,female,0.99,1812
Mark,NA,male,0.99,196
Edward,NA,male,0.96,364
Richard,NA,male,0.98,534
Dmitri,NA,male,1.0,5
Kofi,NA,male,1.0,2
Judy,NA,female,0.98,88
Ryan,NA,male,0.98,83
Dora,NA,female,0.85,27
Peter,NA,male,0.99,1178
Jocelyn,NA,female,1.0,11
Elizabeth,GB,female,1.0,49581
Leon,NA,male,0.99,263
Michael,NA,male,0.98,1387
David,NA,male,0.96,1945
Brian,US,male,1.0,541540
Graham,NA,male,1.0,36
Pieter,NA,male,0.98,406
Jeffrey,US,male,1.0,177405
Matthew,NA,male,0.99,183
Ian,NA,male,0.99,109
Maryam,NA,female,1.0,6
Arnold,NA,male,1.0,93
Austin,NA,male,0.96,45
Nicole,US,female,1.0,297519
Catherine,NA,female,0.97,150
Stephen,US,male,1.0,241671
Jeremy,NA,male,0.99,98
Alfred,NA,male,0.96,233
Jeremy,NA,male,0.99,98
David,NA,male,0.96,1945
Jonathan,NA,male,0.98,224
Marianne,NA,female,0.98,81
Stefan,US,male,1.0,14778
L.,NA,female,0.75,4
Richard,NA,male,0.98,534
Brad,US,male,1.0,139926
Clare,US,female,0.98,2591
Steven,CA,male,1.0,22515
Alexander,NA,male,0.95,203
Stephen,NA,male,0.98,124
Peter,US,male,1.0,252618
Joseph,NA,male,0.96,1630
Steve,NA,male,0.99,139
Caleb,NA,male,1.0,14
Mark,NA,male,0.99,196
Brent,NA,male,0.91,11
Ram,NA,male,1.0,4
Christopher,US,male,1.0,374242
Ian,US,male,1.0,81025
Sebastiano,IN,male,1.0,3
Naomi,US,female,1.0,32425
Andrew,NA,male,0.98,589
Alan,NA,male,0.98,42
Ellie,NA,female,0.86,22
Johanna,IN,female,0.99,103
Nancy,NA,female,1.0,292
Matthew,NA,male,0.99,183
Trevor,US,male,1.0,53856
Benjamin,NA,male,0.98,266
James,US,male,1.0,746260
Ragnhild,NA,unknown,0.0,0
Bjørnar,NA,unknown,0.0,0
Jon,NA,male,1.0,33
Anne,NA,female,0.99,91
Scott,NA,male,0.95,22
André,NA,male,1.0,31
Ben,NA,male,0.98,328
Gavin,NA,male,1.0,92
James,NA,male,0.98,601
Xieyi,NA,unknown,0.0,0
Kyle,NA,male,0.94,33
Kara,NA,female,0.6,5
Philip,NA,male,0.99,162
Ruth,NA,female,0.98,296
Daniel,US,male,1.0,514673
Jenine,NA,female,1.0,14
Peter,NA,male,0.99,1178
Gilad,NA,male,1.0,1
Peter,US,male,1.0,252618
Pieter,NA,male,0.98,406
Joseph,CA,male,1.0,20573
Janet,US,female,1.0,163354
Alexandra,NA,female,0.95,39
Paul,NA,male,0.98,549
Cristóbal,NA,male,1.0,1
David,NA,male,0.96,1945
Rebecca,NA,female,0.97,203
Tyler,NA,male,0.92,12
Guy,NA,male,1.0,11
Jonathan,US,male,1.0,269512
Patricia,US,female,1.0,273738
Kyle,IN,male,0.98,228
Elizabeth,NA,female,0.99,1812
Eric,US,male,1.0,406678
Stephen,NA,male,0.98,124
Giacomo,US,male,1.0,1166
Joseph,US,male,1.0,402489
Eytan,NA,unknown,0.0,0
Ian,NA,male,0.99,109
Anne,NA,female,0.99,91
David,NA,male,0.96,1945
Allen,NA,male,0.95,95
David,NA,male,0.96,1945
Karen,US,female,1.0,423700
Drew,NA,male,0.67,3
Ben,US,male,1.0,166246
David,IE,male,1.0,31577
Nick,IE,male,0.99,1453
Stefan,IE,male,1.0,756
Christopher,NA,male,0.99,157
Henry,NA,male,0.99,286
Omer,NA,unknown,0.0,0
Yoel,NA,unknown,0.0,0
Yayoi,NA,unknown,0.0,0
Jason,NA,male,0.95,746
Keith,NA,male,0.97,75
Miguel,NA,male,0.97,108
Nathaniel,NA,male,1.0,34
William,NA,male,0.98,298
Andrew,US,male,1.0,401335
Amin,IR,male,0.99,29527
Aaron,NA,male,0.98,88
Jason,US,male,1.0,459565
Stephen,US,male,1.0,241671
Yi-Cheng,CN,male,1.0,3
Megan,NA,female,0.97,79
Brian,US,male,1.0,541540
John,US,male,1.0,1328805
Jessica,NA,female,0.98,363
Philip,NA,male,0.99,162
Jennifer,NA,female,0.99,278
Michael,NA,male,0.98,1387
Damian,NA,male,0.98,64
Áine,AT,female,1.0,1
Michael,NA,male,0.98,1387
Jeffrey,NA,male,0.99,114
Benjamin,NA,male,0.98,266
Simon,NA,male,0.96,1665
Lauri,NA,female,0.5,4
Olga,NA,female,0.99,179
Scott,NA,male,0.95,22
Matthew,US,male,1.0,397759
Carmel,NA,unknown,0.0,0
Kenneth,NA,male,0.99,209
Daphne,NA,female,1.0,117
Julian,NA,male,0.72,115
Brian,US,male,1.0,541540
Jonathan,NA,male,0.98,224
Benjamin,NA,male,0.98,266
Toru,NA,unknown,0.0,0
Anne,NA,female,0.99,91
Mats,NA,unknown,0.0,0
Chris,NA,male,0.92,445
Daphne,NA,female,1.0,117
James,NA,male,0.98,601
Sam,NA,male,0.96,431
J.,NA,male,0.88,34
Richard,NA,male,0.98,534
Peter,NA,male,0.99,1178
Leah,NA,female,1.0,60
Megan,NA,female,0.97,79
Nathan,NA,male,0.99,150
Ulrich,NA,male,1.0,43
Damian,NA,male,0.98,64
Oǧuz,NA,unknown,0.0,0
Catrina,NA,female,1.0,5
Stephen,NA,male,0.98,124
Miriam,NA,female,0.96,142
Lydia,NA,female,0.99,763
Maxwell,NA,male,0.9,39
Benedict,NA,male,1.0,31
Clifton,NA,male,1.0,25
Matthew,NA,male,0.99,183
Harald,NA,male,1.0,45
John,NA,male,0.99,2139
Ryan,NA,male,0.98,83
Megan,NA,female,0.97,79
Laurence,NA,male,0.94,35
Mitchell,NA,male,0.63,27
Richard,NA,male,0.98,534
Julianne,NA,female,1.0,3
Wing,NA,unknown,0.0,0
Gavin,NA,male,1.0,92
Marc,NA,male,1.0,32
Noriko,NA,unknown,0.0,0
Malia,NA,female,0.88,8
William,NA,male,0.98,298
Ho,NA,female,1.0,1
Cory,NA,male,1.0,1
Michael,NA,male,0.98,1387
Paul,NA,male,0.98,549
Lara,NA,female,1.0,20
Christiane,DE,female,0.99,21181
Cathy,NA,female,0.99,131
Dana,FR,female,0.93,1928
Geoffrey,NA,male,1.0,39
John,NA,male,0.99,2139
Carol,NA,female,0.99,138
Marin,RO,male,0.71,1844
Amy,US,female,1.0,346962
George,NA,male,0.99,803
Travis,NA,male,1.0,10
Risto,NA,male,0.98,93
Jeremy,NA,male,0.99,98
Burt,NA,male,1.0,2
Nancy,US,female,1.0,322042
Steven,NA,male,0.98,573
Magdalena,NA,female,0.99,360
Zoe,NA,female,1.0,30
David,IN,male,1.0,11521
Benjamin,NA,male,0.98,266
Ron,US,male,1.0,202386
Joseph,NA,male,0.96,1630
Sydney,NA,male,0.96,83
Abigail,NA,female,1.0,99
Imani,TZ,male,0.79,33
Joshua,NA,male,0.98,181
Noriko,NA,unknown,0.0,0
Kiri,NA,unknown,0.0,0
Jay,US,male,0.98,180388
Sarah,NA,female,0.99,324
Steven,US,male,1.0,297274
Beth,NA,female,1.0,8
Greg,NA,male,1.0,48
José,NA,male,1.0,21
Nino,NA,male,1.0,17
Deborah,US,female,1.0,169123
Beverley,CA,female,0.98,452
Cornelia,US,female,1.0,3093
Carol,NA,female,0.99,138
Sara,NA,female,0.99,274
Bruno,NA,male,0.97,113
Timothy,US,male,1.0,159894
Lila,NA,female,1.0,3
Charles,US,male,1.0,289213
David,NA,male,0.96,1945
Timothy,US,male,1.0,159894
Charlotte,US,female,1.0,52605
Tyler,NA,male,0.92,12
Michael,NA,male,0.98,1387
Benjamin,NA,male,0.98,266
Fred,US,male,1.0,111021
Lindee,NA,unknown,0.0,0
Rachel,NA,female,0.99,621
Sally,NA,female,0.91,75
Megan,NA,female,0.97,79
Christian,NE,male,1.0,735
Timothy,NA,male,0.97,108
Shannon,NA,female,0.83,24
Rebecca,NA,female,0.97,203
Byron,NA,male,1.0,36
Daniel,IN,male,1.0,6768
J.,US,male,0.9,18967
R.,US,male,0.89,7995
Anthony,US,male,1.0,350418
Fernando,NA,male,0.95,151
David,NA,male,0.96,1945
Pi-Yen,TW,unknown,0.0,0
J.,HK,male,0.73,75
Bonnie,US,female,1.0,91851
Gabriel,NA,male,0.94,717
Sviatoslav,NA,unknown,0.0,0
George,NA,male,0.99,803
Stephen,NA,male,0.98,124
Jeffers,NA,unknown,0.0,0
John,NA,male,0.99,2139
Benjamin,NA,male,0.98,266
Samuel,NA,male,0.97,758
Jason,NA,male,0.95,746
Victoria,NA,female,0.99,792
Jennie,NA,female,1.0,14
Stephen,NA,male,0.98,124
Louise,NA,female,0.97,152
Anna,US,female,1.0,195727
Heidi,US,female,1.0,74673
Anna,NA,female,0.99,1718
Pi-Yen,NA,unknown,0.0,0
Alex,NA,male,0.95,496
Albrecht,NA,unknown,0.0,0
Michael,NA,male,0.98,1387
Adelaida,NA,unknown,0.0,0
Jonathan,GB,male,1.0,72078
Ted,NA,male,1.0,5
Helen,US,female,1.0,84549
Tellef,NA,unknown,0.0,0
Joseph,NA,male,0.96,1630
Chou,GB,male,0.71,42
Stephen,NA,male,0.98,124
Katherine,US,female,1.0,129200
Richard,NA,male,0.98,534
Amanda,NA,female,0.99,307
Patricia,NA,female,0.99,350
Edward,NA,male,0.96,364
Christopher,NA,male,0.99,157
Mikyung,NA,unknown,0.0,0
Nathan,NA,male,0.99,150
Andrew,GB,male,1.0,213867
Lorraine,NA,female,0.99,166
Martin,GB,male,1.0,121421
Laura,GB,female,1.0,125438
Marié,US,female,1.0,14
Jayson,US,male,1.0,10881
Matt,JP,male,1.0,357
Patrick,JP,male,1.0,450
Hiromi,JP,female,0.86,1603
Hiroki,CH,male,1.0,5
Mark,DE,male,1.0,18043
Thomas,DE,male,1.0,202801
Atsushi,GB,male,0.99,80
Matt,JP,male,1.0,357
Steven,JP,male,0.99,439
Sonja,US,female,1.0,18067
Klisala,FI,unknown,0.0,0
Joel,US,male,1.0,122238
Francesca,US,female,1.0,14892
Gabriel,US,male,1.0,85040
Adrian,GB,male,0.99,19699
Maureen,US,female,1.0,67890
Eliot,US,male,0.97,796
Sylvia,US,female,1.0,59862
Fiorella,GB,female,1.0,162
Nancy,US,female,1.0,322042
Catherine,AU,female,1.0,11863
Nomi,US,female,0.89,485
Jessica,US,female,1.0,469432
Sean,US,male,1.0,201492
David,US,male,1.0,1143153
Michael,US,male,1.0,1225359
Eliot,US,male,0.97,796
Max,US,male,0.99,67683
Murray,CA,male,1.0,5290
Wang,TW,male,0.89,3428
Christopher,US,male,1.0,374242
Jesse,US,male,0.99,122174
Timothy,US,male,1.0,159894
Marie,US,female,1.0,119835
Helena,US,female,1.0,13214
Matthew,GB,male,1.0,114878
Amy,US,female,1.0,346962
Helen,US,female,1.0,84549
Alessandra,US,female,1.0,7130
Jennifer,US,female,1.0,650408
David,US,male,1.0,1143153
Megan,US,female,1.0,198799
Benjamin,US,male,1.0,126160
Stephan,US,male,1.0,11128
Simone,GB,female,0.95,8764
Alexander,US,male,1.0,122358
Sara,US,female,1.0,194697
David,US,male,1.0,1143153
Rui,US,male,0.74,950
Alexander,US,male,1.0,122358
Gavin,US,male,1.0,19342
Jim,US,male,1.0,439469
Chloë,GB,female,1.0,553
Rachel,GB,female,1.0,90827
Victoria,AU,female,1.0,6137
Catherine,US,female,1.0,122532
Sylvia,UG,female,1.0,488
Andrew,US,male,1.0,401335
Gavin,US,male,1.0,19342
Donna,US,female,1.0,261704
Jocelyne,US,female,1.0,2331
Stefan,US,male,1.0,14778
John,US,male,1.0,1328805
Tan,MY,male,0.58,37099
Nancy,US,female,1.0,322042
Harris,US,male,0.99,6428
Hilary,KR,female,0.75,4
Jim,US,male,1.0,439469
Patrick,JP,male,1.0,450
Steven,CA,male,1.0,22515
Kelley,MX,female,0.7,10
Miriam,US,female,1.0,44173
David,US,male,1.0,1143153
Jonathan,US,male,1.0,269512
Juniper,NA,unknown,0.0,0
Deborah,US,female,1.0,169123
Barbara,NL,female,1.0,9558
Laura,CA,female,1.0,31059
Michael,CA,male,1.0,86390
Kassomo,TZ,unknown,0.0,0
Benjamin,US,male,1.0,126160
Ana,SI,female,0.99,3731
Katherine,US,female,1.0,129200
Jennifer,US,female,1.0,650408
Hettie,GB,female,1.0,232
Tala,US,female,0.97,927
Richard,NA,male,0.98,534
Eun-Young,US,female,1.0,4
Michael,US,male,1.0,1225359
Peter,US,male,1.0,252618
John,US,male,1.0,1328805
Hsin-Chun,TW,male,1.0,1
A.,US,male,0.64,5135
Tsan-Huang,AU,unknown,0.0,0
Meilu,US,unknown,0.0,0
Mats,NO,male,1.0,2223
Ola,NO,female,0.73,3047
Tan,MY,male,0.58,37099
Aleysia,US,female,1.0,31
Anton,NZ,male,1.0,450
Michael,US,male,1.0,1225359
Dard,US,male,1.0,3
Thomas,US,male,1.0,360809
Andrew,NA,male,0.98,589
Gregory,US,male,1.0,112124
Peter,US,male,1.0,252618
David,US,male,1.0,1143153
Carol,US,female,1.0,246692
Marc,US,male,1.0,92940
Marc,US,male,1.0,92940
Trevor,GB,male,1.0,27907
Anthony,MX,male,0.98,3016
Matthew,GB,male,1.0,114878
Michael,US,male,1.0,1225359
Ian,US,male,1.0,81025
Carlos,US,male,1.0,248478
Siv,US,female,0.58,43
Ross,US,male,0.98,39345
Elizabeth,GB,female,1.0,49581
Joseph,GB,male,1.0,38183
Rebecca,CA,female,1.0,16191
Julia,CA,female,1.0,14513
Jim,US,male,1.0,439469
Tim,NA,male,1.0,40
Paul,US,male,1.0,470459
Scott,US,male,1.0,437610
Ellen,US,female,1.0,84626
Jenny,AU,female,1.0,15926
Joshua,US,male,1.0,238499
Anis,FR,male,0.95,7098
Gabriel,AE,male,1.0,254
Lonán,GB,male,1.0,4
Alice,GB,female,1.0,32928
Jessie,US,female,0.71,12713
Henry,GB,male,1.0,21606
Laura,GB,female,1.0,125438
Martin,GB,male,1.0,121421
Christina,US,female,1.0,199439
Lyndsey,US,female,1.0,6383
Colin,US,male,1.0,42593
Samuel,GB,male,1.0,28142
Eric,US,male,1.0,406678
Byrd,US,male,0.7,133
Luis-Manuel,GB,male,1.0,4
Bonnie,AU,female,1.0,1757
James,GB,male,1.0,280634
Michael,US,male,1.0,1225359
Catherine,AU,female,1.0,11863
Shannon,US,female,0.88,29217
Miguel,GB,male,0.99,5503
Elizabeth,US,female,1.0,363876
Rowan,GB,male,0.71,1505
Anna,US,female,1.0,195727
Kwok-Wai,HK,male,1.0,6
Phil,GB,male,1.0,66890
Katie,US,female,1.0,202841
Matthew,US,male,1.0,397759
Colin,IE,male,1.0,5014
Fiorella,GB,female,1.0,162
Catherine,US,female,1.0,122532
Theodore,GB,male,1.0,857
Ana,SI,female,0.99,3731
Georgie,GB,female,0.89,3572
Russell,GB,male,1.0,21479
Andrew,GB,male,1.0,213867
Monique,CA,female,1.0,9487
Sidra,US,female,1.0,1050
Matthew,US,male,1.0,397759
Rebecca,IN,female,1.0,1624
Christine,US,female,1.0,216791
Liza,US,female,1.0,15392
Jack,CA,male,1.0,16319
Adrian,AU,male,1.0,1110
Austin,NE,male,1.0,435
Rachel,SG,female,0.99,2832
Simon,GB,male,1.0,147683
Hadi,GB,male,0.97,1038
Keisuke,US,male,1.0,294
Zita,CZ,female,1.0,748
Julia,US,female,1.0,126268
Deirdre,CA,female,1.0,798
Kristine,DK,female,1.0,2149
Kai,CN,male,0.94,818
Fay,GB,female,0.98,2075
Paul,GB,male,1.0,350829
Alessandra,US,female,1.0,7130
Nicholas,AU,male,1.0,11365
Andrew,AU,male,1.0,55402
Hyun,US,male,0.64,403
William,GB,male,1.0,62705
Jeff,FR,male,0.99,15052
Chris,CA,male,0.96,19942
JinXing,US,male,1.0,2
Polina,CA,female,1.0,458
Benjamin,US,male,1.0,126160
Saida,DE,female,0.95,288
Tom,GB,male,1.0,133158
Sagnik,IN,male,1.0,120
Tyler,US,male,0.99,172556
Katie,US,female,1.0,202841
J.,US,male,0.9,18967
Jacob,CL,male,0.99,889
Yuiko,GB,female,0.67,3
Panayotis,US,male,1.0,27
Emma,GB,female,1.0,153324
Dianne,AU,female,1.0,5527
Mats,NO,male,1.0,2223
David,ES,male,0.99,332516
Sarah,US,female,1.0,416527
Phil,GB,male,1.0,66890
Juan,GB,male,0.99,7190
Rupert,GB,male,1.0,4645
Denise,US,female,1.0,183952
Simon,GB,male,1.0,147683
Sung-Hee,GB,female,1.0,2
Matthew,HK,male,1.0,4736
Abigail,IL,female,1.0,275
Seán,IE,male,1.0,1637
Kiku,GB,female,0.6,10
Nadia,US,female,1.0,26506
Anna,US,female,1.0,195727
Uğur,TR,male,0.98,30707
Songül,TR,female,0.98,16364
David,US,male,1.0,1143153
Katie,IE,female,1.0,5904
Joseph,US,male,1.0,402489
Ruthie,US,female,1.0,5786
Dave,US,male,1.0,257130
Michael,US,male,1.0,1225359
Joshua,US,male,1.0,238499
Robin,US,female,0.82,26577
Marco,PT,male,1.0,27396
J.,IE,male,0.82,101
Warrick,US,male,1.0,198
Jason,GB,male,1.0,77428
Patrick,IE,male,1.0,15611
Steven,IE,male,1.0,2783
Ophelia,IE,female,1.0,12
Daithí,IE,male,1.0,96
Adèle,IE,female,1.0,4
Kai,CN,male,0.94,818
Bell,US,female,0.77,510
Andrew,PT,male,0.99,319
John,TH,male,0.99,2835
Tharanat,TH,male,1.0,1
Andrew,PT,male,0.99,319
Heather,US,female,1.0,259482
Jennifer,US,female,1.0,650408
Maria,US,female,1.0,476674
Alexander,GB,male,1.0,26575
Kay,US,female,0.9,13368
Alethea,ZA,female,0.99,150
Menán,ZA,female,1.0,1
Marie,ZA,female,0.99,4531
Linda,DE,female,0.99,16584
Dave,NZ,male,1.0,3957
Bernardo,CO,male,1.0,8342
Juan,CO,male,0.99,302015
Shelley,US,female,1.0,43154
Scheherazade,FR,female,0.99,147
Elsa,ES,female,0.99,8272
Ana,ES,female,0.99,354538
Raquel,ES,female,0.99,105869
Margarita,ES,female,0.99,23987
Leonardo,IE,male,1.0,334
Elina,FR,female,0.97,4861
Heather,CA,female,1.0,26723
Peter,AU,male,1.0,72208
Susan,CA,female,1.0,31990
Iva,RS,female,0.97,1201
Simon,GB,male,1.0,147683
Christian,IT,male,1.0,68639
Stephen,GB,male,1.0,137460
Evropi,GB,unknown,0.0,0
Elina,FI,female,0.99,9721
Mellonee,IN,unknown,0.0,0
Elijah,ZA,male,0.98,1214
Ailbhe,IE,female,0.98,314
Katie,IE,female,1.0,5904
Althea,US,female,1.0,4979
Fulvia,IT,female,0.99,4675
Cassandre,GB,female,1.0,34
Sue,GB,female,1.0,85616
Guillermo,CU,male,1.0,255
Sarah,GB,female,1.0,214105
Timothy,GB,male,1.0,10384
Shzr,GB,unknown,0.0,0
Hettie,GB,female,1.0,232
David,CZ,male,0.99,50909
Luca,MZ,female,0.5,2
Laura,PT,female,0.99,7247
Christine,US,female,1.0,216791
Laura,US,female,1.0,362898
Ariana,GB,female,0.99,707
Bell,US,female,0.77,510
Francesca,US,female,1.0,14892
Linda,DE,female,0.99,16584
Luis,US,male,1.0,225722
Muriel,GB,female,1.0,2016
Simon,GB,male,1.0,147683
Aaron,AU,male,1.0,12326
James,GB,male,1.0,280634
Morgan,US,female,0.79,16023
Karishmeh,IE,unknown,0.0,0
Lindsay,US,female,0.98,15507
Leonardo,CL,male,1.0,12948
Jeff,US,male,1.0,408362
Joshua,CA,male,1.0,12201
Ian,US,male,1.0,81025
Garrett,US,male,1.0,40700
Lee,ZA,female,0.59,4651
Elijah,ZA,male,0.98,1214
Boudina,ZA,unknown,0.0,0
Boudina,ZA,unknown,0.0,0
María,GB,female,1.0,385
Sunday,NE,female,0.5,20
Marzanna,PL,female,0.99,979
Javier,GB,male,1.0,3401
Kgomotso,ZA,female,0.72,7135
Evans,ZA,male,0.98,2260
Brett,ZA,male,1.0,2406
Vivek,US,male,1.0,7967
Felix,IE,male,0.99,307
Polina,JP,female,1.0,16
George,US,male,1.0,256540
Rachel,GB,female,1.0,90827
Eddie,US,male,0.99,26283
Rodrigo,US,male,1.0,24267
Ruth,US,female,1.0,95362
Benedict,NE,male,1.0,230
Oladele,IN,male,1.0,2
Raúl,PE,male,1.0,3199
Boyu,CN,male,0.79,19
Ching-Wah,CN,unknown,0.0,0
Tucker,GB,male,0.98,211
Kimberly,NZ,female,1.0,190
Deonte,US,male,1.0,1620
Rachel,GB,female,1.0,90827
Byron,GB,male,1.0,2480
Essele,CM,male,1.0,1
Max,DE,male,0.99,39052
David,US,male,1.0,1143153
Sean,NA,male,0.99,108
Max,US,male,0.99,67683
Chris,US,male,0.94,206257
Alexandra,US,female,1.0,88612
Corinna,US,female,1.0,3231
Toby,NA,male,1.0,13
Michael,US,male,1.0,1225359
Ijeoma,NE,female,1.0,677
Seán,IE,male,1.0,1637
Caetano,GB,male,0.98,61
Katherine,NA,female,1.0,25
Laur,JP,unknown,0.0,0
Lei,US,female,0.58,941
Ana,PT,female,0.99,171910
Allie,US,female,0.98,6696
Nili,IL,female,0.99,1170
Edwin,US,male,1.0,56565
Bradford,US,male,1.0,6073
Xi,GB,female,0.89,486
Ian,GB,male,1.0,158624
Fiona,GB,female,1.0,48696
Philip,MT,male,0.99,554
Samson,NE,male,1.0,917
Esther,US,female,1.0,47575
Margaret,US,female,1.0,120485
Brian,NZ,male,1.0,3606
Luiz,GB,male,0.99,738
Francesca,US,female,1.0,14892
Leonardo,IT,male,1.0,85595
David,US,male,1.0,1143153
Tamar,US,female,0.94,1022
Ailsa,US,female,1.0,271
Uri,IL,male,0.99,2442
Miranda,CA,female,1.0,3525
Matthew,GB,male,1.0,114878
Tom,US,male,1.0,366440
Erol,US,male,1.0,781
Siv,US,female,0.58,43
Kirstin,US,female,1.0,4311
Marek,NL,male,1.0,1559
Samantha,GB,female,1.0,59077
Lauren,GB,female,1.0,63166
W.,NA,male,1.0,2
Juan,US,male,0.99,268701
Esther,GE,female,1.0,1
Abigail,GE,female,1.0,1
Lily,GE,female,0.83,6
Moriah,GE,unknown,0.0,0
Kayla,IE,female,1.0,280
Sarah,NA,female,0.99,324
Philip,US,male,1.0,82876
Neil,US,male,1.0,51142
Alisha,GB,female,0.99,4891
Marzanna,PL,female,0.99,979
Mofang,AU,unknown,0.0,0
John,AU,male,1.0,80338
Sahana,GB,female,0.99,126
Nancy,NA,female,1.0,292
Candace,NA,female,1.0,4
Nicholas,NA,male,1.0,51
Ben,NA,male,0.98,328
Allen,NA,male,0.95,95
Stephen,US,male,1.0,241671
Arnold,GB,male,1.0,1915
Timothy,US,male,1.0,159894
Annie,HK,female,0.99,5397
David,NA,male,0.96,1945
John,NA,male,0.99,2139
Michael,NA,male,0.98,1387
Jonathan,NA,male,0.98,224
Eric,NA,male,1.0,216
Annette,NA,female,0.99,86
Nicolas,NA,male,0.99,69
Michael,NA,male,0.98,1387
Nicholas,GB,male,1.0,27021
Julian,NA,male,0.72,115
Amanda,GB,female,1.0,62214
Anthony,NA,male,0.99,195
Marianne,NA,female,0.98,81
Joshua,US,male,1.0,238499
Naphtali,NA,male,0.75,4
Anthony,NA,male,0.99,195
David,NA,male,0.96,1945
Joseph,NA,male,0.96,1630
Heinrich,NA,male,1.0,218
Daniel,NA,male,0.97,1079
Christoph,US,male,1.0,1739
Chris,GB,male,0.95,115838
Yonatan,NA,unknown,0.0,0
Suzannah,GB,female,1.0,710
Alastair,NA,male,1.0,12
Adam,NA,male,0.99,77
Ludwig,NA,male,0.97,87
Matthew,NA,male,0.99,183
Matthew,US,male,1.0,397759
Lawrence,US,male,1.0,58380
Brenda,NA,female,0.99,154
Michael,GB,male,1.0,210764
Elizabeth,GB,female,1.0,49581
Jonathan,NA,male,0.98,224
Kofi,NA,male,1.0,2
Benjamin,NA,male,0.98,266
Alastair,GB,male,1.0,10136
Matthew,NA,male,0.99,183
Matthew,NA,male,0.99,183
Heinrich,NA,male,1.0,218
Amy,US,female,1.0,346962
Adam,CA,male,1.0,30374
Björn,NA,male,1.0,3
Wayne,NA,male,0.96,129
Scott,NA,male,0.95,22
Charles,CA,male,1.0,17892
Allen,US,male,1.0,73392
Rachel,NA,female,0.99,621
Matthew,NA,male,0.99,183
Daniel,US,male,1.0,514673
J.,NA,male,0.88,34
Richard,US,male,1.0,472162
Henry,CA,male,1.0,9369
Matthew,NA,male,0.99,183
Michael,NA,male,0.98,1387
Robert,NA,male,0.98,484
Peter,US,male,1.0,252618
Mark,NA,male,0.99,196
Robert,US,male,1.0,780374
Giles,NA,male,1.0,1
Paul,NA,male,0.98,549
Daniel,GB,male,1.0,150020
Mark,BE,male,0.99,5365
Vincent,US,male,1.0,76683
Giles,NA,male,1.0,1
Robert,US,male,1.0,780374
Matthew,NA,male,0.99,183
Arnold,GB,male,1.0,1915
Steve,NA,male,0.99,139
Kevin,NA,male,1.0,299
Arnold,NA,male,1.0,93
Craig,NA,male,1.0,30
David,US,male,1.0,1143153
L.,NA,female,0.75,4
Nicola,NA,female,0.95,41
Alan,NA,male,0.98,42
Alexander,NA,male,0.95,203
Stephen,NA,male,0.98,124
Theodor,NA,male,0.93,59
Christian,NA,male,0.93,228
Daniel,GB,male,1.0,150020
Arved,NA,unknown,0.0,0
Lawrence,NA,male,0.98,124
Daniel,NA,male,0.97,1079
Catherine,US,female,1.0,122532
Dmitri,NA,male,1.0,5
Eric,NA,male,1.0,216
Erkki,NA,male,0.96,24
Atte,NA,female,1.0,1
Cheong,HK,male,0.94,723
Arnold,NA,male,1.0,93
Massimilliano,IT,male,1.0,12
Jeffrey,US,male,1.0,177405
Christian,AT,male,1.0,30707
Loretta,NA,female,1.0,44
Erik,NA,male,0.94,34
Benjamin,NA,male,0.98,266
Kevin,US,male,1.0,510914
Lauri,NA,female,0.5,4
Yi-Cheng,NA,unknown,0.0,0
Yi-Cheng,CN,male,1.0,3
Stephen,NA,male,0.98,124
Amin,IR,male,0.99,29527
Elizabeth,GB,female,1.0,49581
Michael,GB,male,1.0,210764
Matthew,NA,male,0.99,183
Vasilis,NA,unknown,0.0,0
René,CA,male,0.96,360
Nancy,US,female,1.0,322042
Julian,GB,male,1.0,20079
Philip,US,male,1.0,82876
Naomi,US,female,1.0,32425
Arnold,NA,male,1.0,93
Vasili,US,male,1.0,306
Jack,US,male,1.0,198045
Maria,NA,female,0.98,2865
Janet,US,female,1.0,163354
Stefan,NA,male,1.0,143
Kyle,NA,male,0.94,33
Robert,US,male,1.0,780374
Emily,GB,female,1.0,66561
Seth,NA,male,0.95,66
Jason,AU,male,1.0,27168
Denis,AU,male,1.0,200
Lucy,NA,female,0.99,190
Jonathan,NA,male,0.98,224
Peter,NA,male,0.99,1178
Daniel,NA,male,0.97,1079
Bernard,NA,male,0.99,155
Robert,NA,male,0.98,484
Russell,GB,male,1.0,21479
Klaas,NA,male,1.0,11
Roman,IN,male,0.97,1385
Lara,NA,female,1.0,20
Gavin,NA,male,1.0,92
Kelvin,BE,male,0.99,219
Mark,GB,male,1.0,282954
Vasili,US,male,1.0,306
Peter,NA,male,0.99,1178
Terrence,NA,male,1.0,25
Brett,NA,male,1.0,7
Ben,NA,male,0.98,328
William,NA,male,0.98,298
Nicole,US,female,1.0,297519
Bjørnar,NO,male,1.0,443
Brad,NA,male,1.0,9
Kenneth,GB,male,1.0,13465
Rebekah,AU,female,1.0,1882
Joseph,NA,male,0.96,1630
Steven,CA,male,1.0,22515
Andrew,US,male,1.0,401335
Michael,NA,male,0.98,1387
Rowland,NA,male,1.0,1
Bethany,AU,female,1.0,1237
Edward,GB,male,1.0,31086
Jeffrey,NA,male,0.99,114
Julian,NA,male,0.72,115
Charulatha,AU,unknown,0.0,0
Adam,GB,male,1.0,126969
Sarah,NA,female,0.99,324
Graham,US,male,1.0,15466
David,NA,male,0.96,1945
Steven,CA,male,1.0,22515
Neil,US,male,1.0,51142
Henry,NA,male,0.99,286
Diego,ES,male,0.99,97816
Adam,NA,male,0.99,77
John,US,male,1.0,1328805
Diego,US,male,1.0,44366
John,NA,male,0.99,2139
Brian,NA,male,0.99,298
Andrew,NA,male,0.98,589
Kenneth,GB,male,1.0,13465
Eric,NA,male,1.0,216
Trevor,NA,male,0.99,158
Steven,NA,male,0.98,573
Nelson,AU,male,1.0,1119
Gianmario,NA,unknown,0.0,0
Joe,NA,male,0.96,378
Janet,NA,female,0.99,112
Kenneth,NA,male,0.99,209
Yosef,NA,unknown,0.0,0
Matthew,GB,male,1.0,114878
Sebastian,GB,male,1.0,11732
Michael,US,male,1.0,1225359
Ian,US,male,1.0,81025
Philip,US,male,1.0,82876
Gabriel,US,male,1.0,85040
Jason,NA,male,0.95,746
Marina,BE,female,0.99,7482
Frank,US,male,1.0,244714
Mikhail,NA,male,1.0,3
Neil,NA,male,0.97,39
Nicholas,GB,male,1.0,27021
Nathan,NA,male,0.99,150
Chris,NA,male,0.92,445
Dan,NA,male,0.96,47
Brett,NA,male,1.0,7
Damian,US,male,1.0,20395
Thomas,GB,male,1.0,76311
Gavin,NA,male,1.0,92
L.,NA,female,0.75,4
Bryan,NA,male,1.0,79
Rajan,NA,unknown,0.0,0
Gabriel,NA,male,0.94,717
James,NA,male,0.98,601
Jonathan,NA,male,0.98,224
Hunter,NA,male,1.0,3
Richard,NA,male,0.98,534
Orit,NA,unknown,0.0,0
Patrick,NA,male,0.99,481
Benedict,NA,male,1.0,31
Benedict,NA,male,1.0,31
Hainian,AU,unknown,0.0,0
Peter,NA,male,0.99,1178
Christopher,NA,male,0.99,157
W.,NA,male,1.0,2
Oliver,NA,male,0.96,71
Isabella,NA,female,0.97,130
François-Xavier,NA,unknown,0.0,0
Danny,NA,male,0.97,159
Jian,NA,male,1.0,1
Sunbin,NA,unknown,0.0,0
Naphtali,NA,male,0.75,4
Ram,NA,male,1.0,4
Caitlin,NA,female,1.0,11
Ji,US,female,0.51,672
Nabil,NA,male,1.0,3
Érico,NA,male,1.0,2
Carlos,NA,male,0.98,279
Jonathan,CA,male,1.0,28792
Chris,NA,male,0.92,445
Richard,GB,male,1.0,194791
María,US,female,0.99,7605
Keir,CA,male,0.97,30
By,US,female,0.57,7
Martin,NA,male,0.97,1306
Bruce,NA,male,0.99,105
Caroline,US,female,1.0,76090
Dan,US,male,1.0,293936
Murray,NA,male,0.8,5
Toru,NA,unknown,0.0,0
Jairo,US,male,1.0,10166
Simon,NA,male,0.96,1665
Rob,NA,male,1.0,28
Michael,NA,male,0.98,1387
Tony,AU,male,1.0,28162
Jeffrey,US,male,1.0,177405
Mark,NA,male,0.99,196
Peter,NA,male,0.99,1178
Ian,GB,male,1.0,158624
Dick,NA,male,1.0,13
Sunaina,US,female,1.0,373
Mark,GB,male,1.0,282954
John,NA,male,0.99,2139
Alan,NA,male,0.98,42
Christopher,US,male,1.0,374242
Barbara,NA,female,0.99,117
Wolfgang,NA,male,1.0,50
K.,NA,male,0.78,9
Cece,NA,female,1.0,12
Stephen,NA,male,0.98,124
Bruno,NA,male,0.97,113
Linda,NA,female,0.98,657
Richard,NA,male,0.98,534
Bruce,US,male,1.0,138286
Susana,NA,female,0.99,90
Kyoko,NA,unknown,0.0,0
Gary,US,male,1.0,284129
Mark,NA,male,0.99,196
Geoffrey,US,male,1.0,19034
Philip,GE,male,0.67,3
Michael,NA,male,0.98,1387
Sarah,NA,female,0.99,324
Robert,US,male,1.0,780374
Fred,NA,male,1.0,55
Mark,US,male,1.0,639702
Marina,US,female,1.0,40705
Mark,US,male,1.0,639702
Stephen,US,male,1.0,241671
Diane,NA,female,1.0,19
Carol,US,female,1.0,246692
Helena,US,female,1.0,13214
Karen,NA,female,0.96,199
Peter,NA,male,0.99,1178
Chris,NA,male,0.92,445
Mark,US,male,1.0,639702
Bryan,US,male,1.0,160522
Irwin,NA,male,1.0,9
Miguel,GB,male,0.99,5503
Geoffrey,NA,male,1.0,39
Alan,NA,male,0.98,42
Joyce,US,female,1.0,108358
Jan,NA,male,0.97,185
Amy,NA,female,0.96,69
Jill,US,female,1.0,123304
Mary,GB,female,0.99,53876
Cotten,US,female,0.6,5
Matthew,NA,male,0.99,183
Melissa,US,female,1.0,350482
Mark,NA,male,0.99,196
Mike,NA,male,0.99,538
Michael,NA,male,0.98,1387
Garth,US,male,1.0,4961
Joe,US,male,1.0,431277
Robert,US,male,1.0,780374
Paul,NA,male,0.98,549
David,US,male,1.0,1143153
Simon,NA,male,0.96,1665
Charlene,US,female,1.0,41317
Gary,NA,male,1.0,47
Edward,US,male,1.0,156076
Cynthia,NA,female,0.99,206
Kalene,NA,unknown,0.0,0
Mark,US,male,1.0,639702
Norma,US,female,1.0,65637
Murray,US,male,0.99,5765
John,NA,male,0.99,2139
John,NA,male,0.99,2139
Hugh,NA,male,1.0,3
Jason,NA,male,0.95,746
Roger,NA,male,0.99,129
Helen,NA,female,0.99,193
Morgan,NA,male,0.69,55
Jack,NA,male,0.99,151
David,NA,male,0.96,1945
Kembrew,US,male,1.0,2
Jacqueline,US,female,1.0,102092
Kembrew,US,male,1.0,2
Guthrie,US,male,0.85,67
Kay,NA,female,0.67,46
Michael,NA,male,0.98,1387
Matthew,US,male,1.0,397759
Inez,US,female,0.99,4968
John,IN,male,1.0,27478
Alex,IN,male,0.99,8212
Nasser,NA,male,1.0,4
Wai-Chung,NA,unknown,0.0,0
Dafna,IL,female,1.0,2072
B.,US,male,0.65,2510
Patty,US,female,1.0,82369
William,US,male,1.0,452552
Gary,NA,male,1.0,47
Ulf,NA,male,1.0,2
Lee,NA,male,0.55,165
Peter,NA,male,0.99,1178
Rebekah,US,female,1.0,25802
Thomas,US,male,1.0,360809
Ann,NA,female,0.99,70
Gary,NA,male,1.0,47
J.,NA,male,0.88,34
James,US,male,1.0,746260
S.,US,male,0.6,4022
Rebecca,NA,female,0.97,203
Andrew,CA,male,1.0,49910
Bruce,AU,male,1.0,10618
John,FI,male,0.99,1409
Rachel,US,female,1.0,247323
Jana,NA,female,0.95,42
Mike,CA,male,1.0,72004
Steve,US,male,1.0,469272
Joel,NA,male,0.96,359
Mark,NA,male,0.99,196
Mark,NA,male,0.99,196
Nabeel,NZ,male,1.0,17
Gema,US,female,0.99,2007
Heather,NA,female,1.0,27
Michael,NA,male,0.98,1387
Timothy,NA,male,0.97,108
Matt,US,male,1.0,300138
Robin,AU,male,0.5,203
Cynthia,NA,female,0.99,206
Griffin,NA,male,1.0,2
Catherine,NA,female,0.97,150
George,NA,male,0.99,803
B.,US,male,0.65,2510
Per,US,male,0.91,182
Deena,US,female,1.0,7360
Ken,NA,male,0.95,22
Marc,NA,male,1.0,32
Stephen,US,male,1.0,241671
B.,US,male,0.65,2510
Emma,NA,female,0.97,380
Jacob,IN,male,1.0,4527
Roy,NA,male,0.98,44
Charles,AU,male,1.0,6070
Bradford,US,male,1.0,6073
Mark,NA,male,0.99,196
Terence,NA,male,0.99,88
Caroline,NA,female,0.99,340
Liew,NA,unknown,0.0,0
Andrea,NA,female,0.88,129
Hao,NA,unknown,0.0,0
Theodore,US,male,1.0,17126
John,US,male,1.0,1328805
B.,NA,male,0.83,12
Kristen,US,female,1.0,113986
Aaron,US,male,1.0,205289
Mark,IN,male,1.0,3686
William,US,male,1.0,452552
Debashis,US,male,1.0,79
Holly,NA,female,0.65,17
Sara,NA,female,0.99,274
John,NA,male,0.99,2139
Gernot,NA,male,1.0,6
João,BR,male,0.99,37477
Kevin,GB,male,1.0,102900
Christophe,NA,male,1.0,6
Jannis,DE,male,0.7,2786
Arno,DE,male,1.0,4519
Johan,NA,male,0.99,714
Joanna,NA,female,1.0,50
Steve,NA,male,0.99,139
Dale,DK,male,0.89,9
Ian,GB,male,1.0,158624
Fred,NA,male,1.0,55
Steven,NA,male,0.98,573
Mark,IN,male,1.0,3686
Paul,IN,male,1.0,8201
Stacy,NA,female,0.96,28
Steve,US,male,1.0,469272
Amanda,US,female,1.0,340099
Fabienne,NA,female,1.0,2
Molly,US,female,1.0,69251
Steve,CA,male,1.0,46746
Andre,NA,male,0.99,496
Yngvar,NA,unknown,0.0,0
Reebee,US,unknown,0.0,0
Tom,NA,male,0.98,96
Jeremy,US,male,1.0,173125
Deborah,NA,female,0.98,51
Leonardo,NA,male,1.0,74
Daniel,NA,male,0.97,1079
Raúl,NA,male,1.0,33
Rachel,US,female,1.0,247323
Melanie,NA,female,0.98,163
Bruce,AU,male,1.0,10618
Olivia,US,female,1.0,79470
Kevin,NA,male,1.0,299
John,NA,male,0.99,2139
Edward,US,male,1.0,156076
Sean,NA,male,0.99,108
Jason,NA,male,0.95,746
Paul,US,male,1.0,470459
Thomas,US,male,1.0,360809
Paul,NA,male,0.98,549
Michael,NA,male,0.98,1387
Nabeel,NA,male,1.0,1
Benjamin,US,male,1.0,126160
Jack,NA,male,0.99,151
Steven,NA,male,0.98,573
Marybeth,GB,female,1.0,77
Tom,NA,male,0.98,96
Mark,NA,male,0.99,196
Gabriel,US,male,1.0,85040
John,US,male,1.0,1328805
John,US,male,1.0,1328805
Mark,NA,male,0.99,196
Ken,US,male,1.0,185416
Letrez,US,unknown,0.0,0
Christine,US,female,1.0,216791
J.,US,male,0.9,18967
Barry,US,male,1.0,74832
Teresa,CA,female,1.0,9891
Sharon,US,female,1.0,236492
Don,NA,male,0.99,142
Kevin,US,male,1.0,510914
Ryan,NA,male,0.98,83
Peter,NA,male,0.99,1178
Mary,NA,female,0.99,270
David,NA,male,0.96,1945
George,US,male,1.0,256540
Gary,NA,male,1.0,47
Gary,NA,male,1.0,47
Susan,GE,female,1.0,4
Ian,NA,male,0.99,109
Paul,NA,male,0.98,549
John,US,male,1.0,1328805
David,CA,male,1.0,100273
B.,NA,male,0.83,12
George,NA,male,0.99,803
Mickey,NA,female,0.7,23
Ian,GB,male,1.0,158624
Susan,CA,female,1.0,31990
Karen,CA,female,1.0,39174
Michael,NA,male,0.98,1387
Steve,US,male,1.0,469272
Tim,GB,male,1.0,68251
Gary,NA,male,1.0,47
Tricia,NA,female,0.91,11
Holly,GB,female,1.0,29348
Lily,US,female,0.99,35546
Janet,NA,female,0.99,112
Kyle,US,male,1.0,194742
Alexander,NA,male,0.95,203
Carey,NA,female,1.0,2
Fred,US,male,1.0,111021
Patricia,US,female,1.0,273738
James,NA,male,0.98,601
Sheila,US,female,1.0,95898
Kembrew,NA,unknown,0.0,0
Ann,US,female,1.0,161586
Mike,US,male,1.0,675221
Christine,NA,female,0.99,391
B.,NA,male,0.83,12
W.,US,male,0.94,4794
Philip,NA,male,0.99,162
Rob,NA,male,1.0,28
Francesca,US,female,1.0,14892
Lisa,US,female,1.0,512578
John,US,male,1.0,1328805
Eugene,NA,male,0.97,220
Ulrich,NA,male,1.0,43
Marco,NA,male,1.0,176
Kenneth,IN,male,1.0,997
Garth,NA,male,1.0,26
Mina,US,female,0.78,4292
Tim,NA,male,1.0,40
Patrick,NA,male,0.99,481
Kevin,NA,male,1.0,299
James,NA,male,0.98,601
Deena,US,female,1.0,7360
Usama,US,male,1.0,796
Imani,GB,female,0.88,122
Barbara,IE,female,1.0,3869
Andrew,US,male,1.0,401335
Mickey,IN,male,0.86,155
Alan,NA,male,0.98,42
Court,NA,unknown,0.0,0
Shuhei,NA,unknown,0.0,0
B.,NA,male,0.83,12
Gary,NA,male,1.0,47
Nick,US,male,1.0,212453
Rachel,US,female,1.0,247323
David,NA,male,0.96,1945
Alejandro,US,male,1.0,69221
Steve,US,male,1.0,469272
Deborah,US,female,1.0,169123
Seth,US,male,1.0,53409
Martin,CA,male,1.0,28548
Gavin,ZA,male,1.0,6107
Michael,NA,male,0.98,1387
Michael,US,male,1.0,1225359
Robert,SE,male,1.0,16342
Patrik,SE,male,1.0,18652
Ulrich,US,male,0.99,938
Don,NA,male,0.99,142
Melvin,US,male,1.0,30245
Michael,JP,male,0.99,1799
Michael,US,male,1.0,1225359
John,US,male,1.0,1328805
Daniel,NA,male,0.97,1079
Joe,US,male,1.0,431277
Tim,NA,male,1.0,40
Boden,US,male,0.99,89
Kevin,US,male,1.0,510914
Alena,NA,female,1.0,2
James,NA,male,0.98,601
Steve,NA,male,0.99,139
Grant,IN,male,1.0,52
Mark,IN,male,1.0,3686
Paul,IN,male,1.0,8201
Christi-Anne,US,female,1.0,6
John,NA,male,0.99,2139
Kristin,NL,female,0.99,254
Peter,NA,male,0.99,1178
James,NA,male,0.98,601
Carlos,NA,male,0.98,279
Mark,NA,male,0.99,196
Lloyd,NA,male,0.98,59
Stan,NO,male,1.0,42
John,FI,male,0.99,1409
Neil,NA,male,0.97,39
Karen,NA,female,0.96,199
João,US,male,0.99,638
Patrik,NA,male,1.0,7
Robert,NA,male,0.98,484
Gillian,US,female,1.0,9161
Christina,NA,female,0.99,175
Paul,NA,male,0.98,549
Mark,NA,male,0.99,196
Bethany,GB,female,1.0,14382
Ted,NA,male,1.0,5
Roberto,US,male,1.0,75612
Russell,NA,male,1.0,33
Chris,CA,male,0.96,19942
Mariana,NA,female,0.99,163
Michael,NA,male,0.98,1387
Don,NA,male,0.99,142
Arne,NA,male,1.0,10
Sei,NA,female,1.0,1
Sarah,GB,female,1.0,214105
John,NA,male,0.99,2139
J.,US,male,0.9,18967
Charles,AU,male,1.0,6070
Sara,GB,female,0.99,39068
Ruth,GB,female,1.0,34887
Theodore,NA,male,1.0,28
Katherine,NA,female,1.0,25
Cindy,NA,female,1.0,105
Kyra,NA,female,1.0,6
Cheryl,NA,female,1.0,59
Timothy,NA,male,0.97,108
Wayne,NA,male,0.96,129
Joe,NA,male,0.96,378
Miles,NA,male,0.93,14
Craig,US,male,1.0,148310
Tim,NA,male,1.0,40
B.,US,male,0.65,2510
Michael,NA,male,0.98,1387
Mensah,US,male,0.98,200
Larry,NA,male,0.97,32
Jon,NA,male,1.0,33
Robin,NA,male,0.85,26
Mark,NA,male,0.99,196
Mark,IN,male,1.0,3686
Paul,IN,male,1.0,8201
Andrew,NA,male,0.98,589
Elizabeth,NA,female,0.99,1812
Philip,NA,male,0.99,162
Jon,NA,male,1.0,33
B.,US,male,0.65,2510
Fabian,DK,male,0.99,97
Edward,IN,male,1.0,1910
Michael,US,male,1.0,1225359
Beth,US,female,1.0,142214
Art,US,male,1.0,35786
Paul,US,male,1.0,470459
Bryan,US,male,1.0,160522
Graham,NA,male,1.0,36
Marco,NA,male,1.0,176
Ulrich,NA,male,1.0,43
Mark,US,male,1.0,639702
Desdamona,US,female,1.0,4
Jeffrey,NA,male,0.99,114
Lynn,NA,female,1.0,34
Will,GB,male,1.0,34756
Robin,US,female,0.82,26577
Karl,NA,male,0.99,127
Yngvar,NA,unknown,0.0,0
David-Emil,NA,unknown,0.0,0
David,NA,male,0.96,1945
Polly,NA,male,0.56,32
Ian,NA,male,0.99,109
David,NA,male,0.96,1945
Michael,NA,male,0.98,1387
Jon,NA,male,1.0,33
Rashida,NA,female,1.0,15
Martin,CA,male,1.0,28548
Chris,GB,male,0.95,115838
Leslie,NA,male,0.77,22
Maria,SE,female,1.0,40309
Fernando,NA,male,0.95,151
Jennie,NA,female,1.0,14
Michael,NA,male,0.98,1387
Herbert,NA,male,0.99,97
Charles,NA,male,0.99,513
Anastasia,NA,female,1.0,53
Alasdair,GB,male,1.0,3940
Martin,GB,male,1.0,121421
Andrew,US,male,1.0,401335
David-Emil,NA,unknown,0.0,0
Yngvar,NA,unknown,0.0,0
Peter,NA,male,0.99,1178
B.,NA,male,0.83,12
Luis,US,male,1.0,225722
David,GB,male,1.0,381854
Rupert,GB,male,1.0,4645
Jan,GB,female,0.71,13216
George,NA,male,0.99,803
Karen,US,female,1.0,423700
William,US,male,1.0,452552
B.,US,male,0.65,2510
Dale,US,male,0.93,17186
Shannon,US,female,0.88,29217
Trevor,US,male,1.0,53856
David,US,male,1.0,1143153
Peter,US,male,1.0,252618
Imani,NA,male,1.0,1
Joshua,NA,male,0.98,181
Jayson,US,male,1.0,10881
Eric,US,male,1.0,406678
Isabella,NL,female,0.99,1535
Kariann,US,female,1.0,282
Jon,NA,male,1.0,33
Tanya,NA,female,1.0,123
Dean,AU,male,1.0,10736
J.,GB,male,0.84,1504
Deforia,NA,unknown,0.0,0
Henry,GB,male,1.0,21606
Fiona,US,female,1.0,9717
Joanna,US,female,1.0,50150
Fred,NA,male,1.0,55
Mary,US,female,1.0,636921
Irving,DE,male,1.0,20
B.,NA,male,0.83,12
Jonathan,US,male,1.0,269512
Anja,DE,female,0.99,54873
Gary,US,male,1.0,284129
Adriana,US,female,1.0,56937
Jeremy,NA,male,0.99,98
Gary,US,male,1.0,284129
Matthew,NA,male,0.99,183
Kevin,US,male,1.0,510914
Keith,US,male,1.0,178854
Ronald,NA,male,0.99,180
Austin,NE,male,1.0,435
Andrew,GB,male,1.0,213867
Helena,US,female,1.0,13214
Jeff,NA,male,0.97,34
Andy,AU,male,1.0,8119
Theo,NA,male,0.88,188
Koos,NL,male,0.96,3538
Tom,NL,male,1.0,30025
Leslie,CA,female,0.74,1676
Dave,GB,male,1.0,116162
Susan,NA,female,0.99,329
Christina,US,female,1.0,199439
Tom,GB,male,1.0,133158
Lauren,NA,female,0.85,33
Rick,US,male,1.0,221900
Michael,CA,male,1.0,86390
Vicki,US,female,1.0,73845
Micha,US,female,0.57,358
Stéphane,CA,male,0.98,885
Rossen,US,male,0.94,16
Jessica,US,female,1.0,469432
Cheryl,US,female,1.0,172284
Hettie,GB,female,1.0,232
Chenjerai,US,male,1.0,2
Matt,US,male,1.0,300138
Anthony,NA,male,0.99,195
Craig,NA,male,1.0,30
Daniel,US,male,1.0,514673
Daniel,GB,male,1.0,150020
Dave,NA,male,0.99,166
Ashley,NA,female,0.79,211
Mark,CA,male,1.0,56757
Cassandra,AU,female,1.0,3889
Vicki,AU,female,1.0,6980
Travis,US,male,1.0,106055
Alexandra,US,female,1.0,88612
Dan,AU,male,1.0,8132
Megan,NA,female,0.97,79
Maureen,US,female,1.0,67890
Mark,GB,male,1.0,282954
Gustavus,US,male,1.0,70
Homay,US,female,0.6,5
Geoff,GB,male,1.0,23742
Dave,NA,male,0.99,166
James,JP,male,0.99,1349
Oliver,CA,male,1.0,3227
Sara,NA,female,0.99,274
Jacques,NA,male,0.99,138
Kevin,NA,male,1.0,299
Christina,US,female,1.0,199439
Jayna,US,female,1.0,1630
Mark,GB,male,1.0,282954
Anamik,GB,male,1.0,2
Stephen,NA,male,0.98,124
Harvey,GB,male,0.99,7455
Patti,US,female,1.0,55650
David,US,male,1.0,1143153
William,US,male,1.0,452552
B.,US,male,0.65,2510
Robin,NA,male,0.85,26
Chris,NA,male,0.92,445
Yiannis,GR,male,1.0,4070
George,US,male,1.0,256540
Adam,NA,male,0.99,77
Anthony,US,male,1.0,350418
Johan,NA,male,0.99,714
Wayne,US,male,1.0,106517
Frederick,PT,male,1.0,31
S.,US,male,0.6,4022
Henrik,DE,male,1.0,5495
Sydney,US,female,0.94,9138
Ragnhild,NO,female,1.0,2858
Paul,GB,male,1.0,350829
Madison,US,female,0.99,52332
Andrew,AU,male,1.0,55402
Maria,US,female,1.0,476674
Gary,NA,male,1.0,47
Wendy,US,female,1.0,145767
Ian,NA,male,0.99,109
Philip,NA,male,0.99,162
Lee,NA,male,0.55,165
Anthony,HK,male,1.0,4773
Tuulikki,NA,female,1.0,10
Peter,NA,male,0.99,1178
Ian,NA,male,0.99,109
Falina,US,female,1.0,56
Edward,NA,male,0.96,364
Paul,NA,male,0.98,549
J.,US,male,0.9,18967
Siv,NA,unknown,0.0,0
Rob,US,male,1.0,142644
Hae-Kyung,GB,unknown,0.0,0
Craig,NA,male,1.0,30
Martin,GB,male,1.0,121421
Matt,GB,male,1.0,85893
Stuart,NA,male,1.0,25
Jeremy,US,male,1.0,173125
David,AU,male,1.0,79762
John,US,male,1.0,1328805
Paul,CA,male,1.0,64307
Charles,AU,male,1.0,6070
Adam,US,male,1.0,244154
C.,GB,male,0.72,492
Francesca,US,female,1.0,14892
Verónica,CA,female,1.0,34
Nitasha,US,female,1.0,282
Robert,US,male,1.0,780374
Robin,US,female,0.82,26577
Dale,US,male,0.93,17186
B.,US,male,0.65,2510
Elias,US,male,1.0,21947
Mich,NA,male,0.6,10
T.,PE,male,0.74,72
Helen,AU,female,1.0,19128
Tom,GB,male,1.0,133158
Reebee,GB,female,0.67,3
Hettie,GB,female,1.0,232
Andy,AU,male,1.0,8119
Jodie,AU,female,0.99,327
D.,CA,male,0.8,326
Reebee,NA,unknown,0.0,0
Murray,US,male,0.99,5765
Noriko,US,female,1.0,987
Sarah,GB,female,1.0,214105
Alice,US,female,1.0,69089
Evan,US,male,1.0,69356
Taylor,US,female,0.67,30263
Elena,US,female,1.0,52334
Ian,US,male,1.0,81025
Gary,NA,male,1.0,47
Karl,GB,male,1.0,25493
Caroline,GB,female,1.0,63078
Mark,GB,male,1.0,282954
Amir,CA,male,1.0,5739
Simon,GB,male,1.0,147683
Lucas,US,male,1.0,43366
Rebecca,NA,female,0.97,203
Katie,NA,female,0.86,14
Matt,GB,male,1.0,85893
Gary,NA,male,1.0,47
Phil,HK,male,0.99,340
Josh,US,male,1.0,186196
Joel,US,male,1.0,122238
Travis,US,male,1.0,106055
Kirstie,US,female,1.0,2138
Daniel,US,male,1.0,514673
Rachel,US,female,1.0,247323
Jacqueline,CA,female,1.0,9747
Henry,CA,male,1.0,9369
D.,GB,male,0.84,661
Eva,TW,female,0.99,1751
Hyunjoon,KR,male,1.0,36
Nicholas,US,male,1.0,171192
Ken,CA,male,1.0,26788
Matt,GB,male,1.0,85893
Peter,NA,male,0.99,1178
Martin,KR,male,1.0,223
Y.,NO,male,0.75,4
Andrew,AU,male,1.0,55402
Mickey,CA,male,0.78,300
Sverker,SE,male,0.99,142
B.,GB,male,0.73,342
Sean,US,male,1.0,201492
Lee,GB,male,0.96,54637
Tavia,US,female,1.0,1124
Francesca,US,female,1.0,14892
Sarah,AU,female,1.0,33888
Alison,AU,female,1.0,9882
Summer,US,female,1.0,23109
Melissa,NA,female,1.0,166
Hyunji,NA,unknown,0.0,0
Holly,NA,female,0.65,17
Marion,GB,female,0.99,5390
Kenneth,GB,male,1.0,13465
Timothy,US,male,1.0,159894
Victor,US,male,1.0,146690
Katy,US,female,1.0,28890
Michael,AU,male,1.0,70481
David,NZ,male,1.0,11702
Priscilla,US,female,1.0,38034
T.,US,male,0.77,3360
Yiu-Wai,HK,unknown,0.0,0
Eve,GB,female,0.99,8442
Corinna,US,female,1.0,3231
Wai-Chung,HK,male,1.0,2
Wing-Wah,HK,unknown,0.0,0
Dai,NA,female,1.0,1
Gerard,GB,male,1.0,7799
Ken,US,male,1.0,185416
Birgitte,NO,female,1.0,1152
Nathan,CA,male,1.0,12937
Michael,KR,male,1.0,827
Magdelana,US,female,1.0,15
Diane,AU,female,1.0,4940
Sarah,AU,female,1.0,33888
Mark,GB,male,1.0,282954
Geoff,NA,male,1.0,11
Stephen,NL,male,1.0,1605
Darrell,NA,male,1.0,2
Uri,IL,male,0.99,2442
Leora,US,female,1.0,1385
Nicolai,NA,male,1.0,12
Dave,GB,male,1.0,116162
Duncan,GB,male,1.0,19379
Lucy,GB,female,1.0,74558
Marita,NO,female,1.0,1488
Mario,DE,male,1.0,43841
Simone,GB,female,0.95,8764
Martin,CA,male,1.0,28548
Jing,CN,female,0.8,2266
Ben,GB,male,1.0,121189
Andrew,GB,male,1.0,213867
Jeremy,NA,male,0.99,98
Aaron,AU,male,1.0,12326
Edwin,US,male,1.0,56565
Peter,US,male,1.0,252618
Andrew,AU,male,1.0,55402
Denis,AU,male,1.0,200
Steve,AU,male,1.0,28260
Jeremy,AU,male,1.0,7468
Mark,US,male,1.0,639702
Mervi,NA,unknown,0.0,0
Melissa,US,female,1.0,350482
Andrew,CA,male,1.0,49910
Thomas,US,male,1.0,360809
Tony,AU,male,1.0,28162
Michael,NA,male,0.98,1387
Emma,GB,female,1.0,153324
Chris,CA,male,0.96,19942
Melanie,US,female,1.0,103687
Nadav,IL,male,1.0,5106
Kevin,US,male,1.0,510914
Ola,US,female,0.91,3852
Thomas,US,male,1.0,360809
Torgeir,NO,male,0.99,386
Tony,AU,male,1.0,28162
E.,US,male,0.66,4302
Juliet,US,female,1.0,11243
Mark,CA,male,1.0,56757
Roderick,US,male,1.0,11294
Willemien,ZA,female,1.0,112
Halifu,NA,unknown,0.0,0
Anastasia,NA,female,1.0,53
Dalia,NA,female,1.0,12
Jeremy,US,male,1.0,173125
Kimberly,NA,female,0.95,21
Chris,GB,male,0.95,115838
Sarah,GB,female,1.0,214105
Serhat,TR,male,0.98,54133
Cem,TR,male,0.97,46186
Bülent,TR,male,0.99,25888
Roberto,US,male,1.0,75612
Lucy,GB,female,1.0,74558
Nassim,AT,male,0.8,15
Olivier,US,male,0.99,3599
Heli,EE,female,0.98,146
Paul,US,male,1.0,470459
Hector,NA,male,1.0,15
Sam,GB,male,0.87,127642
Nic,US,male,0.97,7839
Andreas,DK,male,1.0,7700
Pertti,FI,male,0.99,2533
Henry,NZ,male,1.0,880
Ken,US,male,1.0,185416
Joseph,US,male,1.0,402489
Michael,US,male,1.0,1225359
Juliane,US,female,1.0,1338
Andrew,AU,male,1.0,55402
Carolyn,AU,female,1.0,6052
Marquita,CA,female,1.0,24
Tom,GB,male,1.0,133158
Pedro,PT,male,1.0,124071
Oliver,CA,male,1.0,3227
David,US,male,1.0,1143153
Amanda,US,female,1.0,340099
Dai,GB,male,0.95,895
Denis,AU,male,1.0,200
Brian,US,male,1.0,541540
Dal,CA,male,0.86,242
Woongjae,KR,male,1.0,12
Lonán,GB,male,1.0,4
Rob,NA,male,1.0,28
William,US,male,1.0,452552
Keith,GB,male,1.0,59806
Pete,GB,male,1.0,32254
Andrew,GB,male,1.0,213867
Travis,US,male,1.0,106055
Jeff,US,male,1.0,408362
Patrick,US,male,1.0,250584
Kris,CA,male,0.8,1778
Dale,CA,male,0.9,1923
David,US,male,1.0,1143153
Victoria,US,female,1.0,150018
Britta,CH,female,1.0,302
Tom,GB,male,1.0,133158
Jon,AU,male,1.0,5587
Yngvar,NO,male,1.0,81
Anne,NO,female,1.0,15774
Oli,NZ,male,1.0,32
Anna,GB,female,0.99,77515
Matthew,US,male,1.0,397759
Faiza,CA,female,1.0,704
Marvin,IN,male,1.0,257
Heather,US,female,1.0,259482
Diane,US,female,1.0,202639
Matthew,US,male,1.0,397759
Simon,GB,male,1.0,147683
Gustavo,BR,male,1.0,104898
Marié,US,female,1.0,14
Philip,AU,male,1.0,8029
Matt,AU,male,1.0,19244
Chenjerai,US,male,1.0,2
Shaun,US,male,0.96,8995
Jonathan,US,male,1.0,269512
Ayse,TR,female,0.97,41159
Leigh,US,female,0.91,5006
Andrea,AU,female,0.99,8547
Ken,CA,male,1.0,26788
Gustavus,NA,unknown,0.0,0
Jeanne,NA,female,1.0,21
Peter,NA,male,0.99,1178
Karen,NA,female,0.96,199
Heather,NA,female,1.0,27
Gayle,NA,female,1.0,4
Barbara,NA,female,0.99,117
Henry,CA,male,1.0,9369
Joshua,US,male,1.0,238499
Timothy,GB,male,1.0,10384
Adam,GB,male,1.0,126969
Marcus,GB,male,1.0,19231
Motti,IL,male,1.0,335
Berenice,AR,female,1.0,480
Luciana,BR,female,1.0,96110
Derek,DK,male,1.0,72
Kendra,US,female,1.0,36961
Uri,IL,male,0.99,2442
Catherine,AU,female,1.0,11863
Larisa,US,female,1.0,5004
Andrei,NO,male,0.99,157
Yngvar,NO,male,1.0,81
Volha,NA,unknown,0.0,0
Andrew,GB,male,1.0,213867
Gĩchingiri,US,male,1.0,1
David,US,male,1.0,1143153
Shane,IN,male,0.99,1105
Frederik,BE,male,1.0,5838
Stephen,GB,male,1.0,137460
Catherine,AU,female,1.0,11863
Ian,AU,male,1.0,24507
Nicholas,US,male,1.0,171192
Lauren,AU,female,1.0,12803
Gavin,AU,male,1.0,6834
Alexandra,US,female,1.0,88612
D.,GB,male,0.84,661
Seung-Ah,US,unknown,0.0,0
David,AU,male,1.0,79762
Lauren,AU,female,1.0,12803
John,US,male,1.0,1328805
Robin,US,female,0.82,26577
Kyle,NO,male,0.98,51
Jonathan,IE,male,1.0,4340
Andrew,US,male,1.0,401335
Maria,US,female,1.0,476674
Annemarie,GB,female,0.99,2329
Christopher,US,male,1.0,374242
Stephen,NZ,male,1.0,3628
Katharina,AT,female,0.99,7389
Mercedes,AR,female,1.0,10657
Kyra,US,female,1.0,8238
Virginie,CA,female,1.0,1836
Sarah,AU,female,1.0,33888
Diane,AU,female,1.0,4940
Nadia,US,female,1.0,26506
Paja,US,male,0.78,9
Justin,GB,male,1.0,20733
David,US,male,1.0,1143153
Anja,CH,female,0.99,2856
Thomas,US,male,1.0,360809
Edward,IN,male,1.0,1910
Christina,US,female,1.0,199439
Jillian,US,female,1.0,31311
Anya,US,female,1.0,5479
Brad,US,male,1.0,139926
Adam,AU,male,1.0,24207
Joe,NA,male,0.96,378
Justin,US,male,1.0,282002
Ali,US,male,0.75,26774
Dhanveer,US,male,1.0,2
Sophia,NA,female,0.99,299
Catherine,AU,female,1.0,11863
Simon,NA,male,0.96,1665
Pablo,AR,male,1.0,71374
Felipe,BR,male,1.0,132517
Marina,US,female,1.0,40705
Alasdair,GB,male,1.0,3940
Jemma,GB,female,1.0,10487
Martin,GB,male,1.0,121421
Eirik,NO,male,1.0,5431
Stephen,NO,male,1.0,533
Yessica,US,female,0.99,4271
Tom,GB,male,1.0,133158
Paula,US,female,1.0,126841
Andy,PT,male,0.62,381
Michael,US,male,1.0,1225359
P.,US,male,0.74,1991
Tryon,US,male,1.0,73
Marisol,US,female,1.0,24695
Rachael,AU,female,1.0,5887
Dave,GB,male,1.0,116162
Joe,US,male,1.0,431277
Liz,AU,female,1.0,8067
Angela,GB,female,1.0,61532
Raphaël,AU,male,1.0,4
Barbara,US,female,1.0,286621
Darren,AU,male,1.0,14604
Martin,IE,male,1.0,14139
Aileen,IE,female,1.0,2208
Eoin,IE,male,1.0,8085
Malvina,AR,female,0.99,854
Ali,US,male,0.75,26774
Matthew,GE,male,1.0,6
Bruno,US,male,1.0,13081
Catherine,AU,female,1.0,11863
Yngvar,NO,male,1.0,81
Anne,NO,female,1.0,15774
Caspar,GB,male,1.0,423
Heikki,FI,male,1.0,5429
Michael,NO,male,1.0,2738
Nicolette,US,female,1.0,6591
David,CZ,male,0.99,50909
Mark,CA,male,1.0,56757
Maya,CA,female,0.99,3288
Javier,ES,male,0.99,268630
Marc,CH,male,1.0,15059
Pierre,CH,male,1.0,6818
Warrick,US,male,1.0,198
José,US,male,0.99,17415
Laraine,GB,female,1.0,606
Paul,GB,male,1.0,350829
Simon,GB,male,1.0,147683
Jocelyne,US,female,1.0,2331
Richard,GB,male,1.0,194791
Simon,GB,male,1.0,147683
Kendra,US,female,1.0,36961
Sina,DE,female,0.96,8455
Manuel,SE,male,0.99,536
Kristine,DK,female,1.0,2149
Mark,US,male,1.0,639702
Adam,ZA,male,0.98,3989
Kai,NA,male,0.82,22
Kevin,US,male,1.0,510914
Nick,NZ,male,1.0,3720
Quentin,ZA,male,0.99,1011
Noora,FI,female,0.98,4943
Alexander,CA,male,1.0,11565
Anthony,US,male,1.0,350418
Umberto,NA,male,1.0,3
Charles,AU,male,1.0,6070
Salli,FI,female,0.99,233
Meghan,US,female,1.0,49147
Carolina,AR,female,1.0,29369
Michael,GB,male,1.0,210764
Mimi,GB,female,0.97,2535
Marita,NA,female,1.0,32
Duncan,GB,male,1.0,19379
Stephen,IE,male,1.0,17353
Martin,CZ,male,0.99,113035
Venise,US,female,0.99,361
Sharon,NA,female,0.99,276
Colin,US,male,1.0,42593
Diana,NA,female,0.98,394
Josh,NA,male,0.97,64
Z.,NA,male,1.0,1
Robert,US,male,1.0,780374
Bláithín,IE,female,1.0,37
Alexander,GB,male,1.0,26575
Sean,US,male,1.0,201492
Andrei,IE,male,1.0,616
Bethany,NA,female,1.0,1
Leslie,NA,male,0.77,22
Devon,NA,male,1.0,5
Ebony,US,female,1.0,18111
Kevin,US,male,1.0,510914
Leigh,US,female,0.91,5006
Jake,US,male,1.0,102423
Aaron,NA,male,0.98,88
Adam,ZA,male,0.98,3989
Quentin,ZA,male,0.99,1011
H.,US,male,0.84,3413
Michael,GB,male,1.0,210764
Samantha,AU,female,1.0,13535
John,US,male,1.0,1328805
Amaia,ES,female,0.99,8900
Adam,GB,male,1.0,126969
Pekka,FI,male,0.99,7821
Brittnay,US,female,1.0,546
Simone,BR,female,1.0,75647
Simone,BR,female,1.0,75647
James,US,male,1.0,746260
Darren,GB,male,1.0,77681
Patrick,GB,male,1.0,39136
Nabeel,NZ,male,1.0,17
Kai,NO,male,0.99,543
Eileen,GB,female,1.0,13366
Jon,NA,male,1.0,33
Arianne,NA,unknown,0.0,0
David,US,male,1.0,1143153
Courtney,US,female,0.92,26494
Stan,US,male,1.0,39868
Tom,GB,male,1.0,133158
Ben,AU,male,1.0,26713
Farzaneh,CA,female,1.0,148
Yeawon,KR,female,1.0,10
Yonghan,KR,male,1.0,19
So,KR,female,0.88,1306
Rana,NA,male,0.67,9
Kirstie,US,female,1.0,2138
Adrian,AU,male,1.0,1110
Steve,AU,male,1.0,28260
John,GB,male,1.0,368613
Tom,GB,male,1.0,133158
Eric,NA,male,1.0,216
Wouter,NL,male,1.0,10682
Erin,US,female,1.0,167455
Kevin,US,male,1.0,510914
Botond,AU,unknown,0.0,0
Tuomas,FI,male,1.0,5617
Markus,DE,male,1.0,103781
Michael,US,male,1.0,1225359
Grace,US,female,1.0,87996
Adam,ZA,male,0.98,3989
Quentin,ZA,male,0.99,1011
H.,US,male,0.84,3413
Alexa,US,female,1.0,30800
Casey,US,male,0.65,19869
Manuel,PT,male,0.99,47209
David,US,male,1.0,1143153
Alexis,FI,male,0.83,29
Adam,NA,male,0.99,77
J.,IE,male,0.82,101
Barry,US,male,1.0,74832
Eric,US,male,1.0,406678
Diane,US,female,1.0,202639
James,GB,male,1.0,280634
Steen,DK,male,1.0,7751
Mads,DK,male,1.0,13186
Richard,GB,male,1.0,194791
Saesha,US,female,1.0,20
Matthew,US,male,1.0,397759
Jesús,ES,male,0.99,18014
Russell,GB,male,1.0,21479
Esther,US,female,1.0,47575
Yunshu,US,male,0.6,5
Lauren,CN,female,0.97,379
Sarah,CA,female,1.0,46544
Rebecca,US,female,1.0,232025
Eric,US,male,1.0,406678
Catherine,NZ,female,1.0,2196
Chris,US,male,0.94,206257
Kat,US,female,0.99,20535
Fredara,US,unknown,0.0,0
Ioannis,IE,male,1.0,31
Kaitlyne,US,female,0.99,78
Jeremy,US,male,1.0,173125
Alexandra,NL,female,1.0,4343
John,GB,male,1.0,368613
Matthew,GB,male,1.0,114878
David,GB,male,1.0,381854
Michial,US,male,1.0,117
Lucinda,GB,female,1.0,3476
Rosie,GB,female,1.0,20451
Liliana,GB,female,0.99,2054
Paula,US,female,1.0,126841
Lauron,US,female,0.96,47
Andrew,NA,male,0.98,589
Kristin,NL,female,0.99,254
Kathryn,US,female,1.0,85901
Maria,CY,female,0.99,10398
Andy,AU,male,1.0,8119
Ryan,CA,male,1.0,44168
Regina,US,female,1.0,60391
Loren,US,male,0.63,4184
Oneka,US,female,0.99,126
Daniel,US,male,1.0,514673
Gabriel,US,male,1.0,85040
Toby,AU,male,1.0,137
Dave,AU,male,1.0,11078
Harris,CA,male,1.0,590
Kieran,GB,male,0.99,14872
Rex,AU,male,1.0,1276
Kathleen,US,female,1.0,142105
Lior,US,male,0.84,365
Luis,ZA,male,0.96,1042
Paul,AU,male,1.0,55608
Patrick,US,male,1.0,250584
Colleen,CA,female,1.0,10271
Dave,GB,male,1.0,116162
Marc,CA,male,1.0,25316
Casey,CA,male,0.64,842
Lori,CA,female,1.0,13879
Jean,CA,female,0.9,27084
Gareth,US,male,1.0,2732
Christina,CA,female,1.0,15609
Kai,NO,male,0.99,543
Stan,NO,male,1.0,42
Adam,CA,male,1.0,30374
Christine,CA,female,1.0,30842
Raffaella,IT,female,1.0,52093
Allison,US,female,1.0,112320
John,IE,male,1.0,52990
Áine,NO,female,1.0,1
Catherine,AU,female,1.0,11863
Shelley,AU,female,1.0,3082
Fabian,AU,male,1.0,736
Ed,AU,male,1.0,2189
Ian,AU,male,1.0,24507
Gene,AU,male,0.94,52
William,US,male,1.0,452552
Iain,GB,male,1.0,23909
Sadam,US,male,0.98,210
B.,US,male,0.65,2510
James,US,male,1.0,746260
Oli,NZ,male,1.0,32
Pat,NA,male,0.52,21
Teófilo,AW,male,1.0,2
Gareth,US,male,1.0,2732
Simon,GB,male,1.0,147683
Beate,GB,female,1.0,187
Kristine,CA,female,1.0,2888
Amanda,US,female,1.0,340099
Dianne,CH,female,1.0,30
Samuel,GB,male,1.0,28142
Katie,AU,female,1.0,7817
Spencer,TR,male,0.91,11
Wonderful,ZW,male,1.0,2
Alison,CA,female,1.0,8233
Katherine,US,female,1.0,129200
Verne,CA,male,0.86,22
Meryl,US,female,0.99,604
Elizabeth,NA,female,0.99,1812
Willemien,ZA,female,1.0,112
Rich,GB,male,1.0,12494
Paul,AU,male,1.0,55608
Sarah,GB,female,1.0,214105
William,US,male,1.0,452552
Henrik,DK,male,1.0,27384
Phillip,AU,male,1.0,7031
Adam,CA,male,1.0,30374
Ryan,CA,male,1.0,44168
Kathleen,CA,female,1.0,9416
Joseph,CA,male,1.0,20573
Timothy,US,male,1.0,159894
Niels,NL,male,1.0,23756
Mike,NA,male,0.99,538
Myrtle,CA,female,1.0,240
Paul,GB,male,1.0,350829
Alex,GB,male,0.87,150172
David,US,male,1.0,1143153
Theo,US,male,0.95,2237
Laura,CA,female,1.0,31059
Carlo,US,male,1.0,10034
Liam,GB,male,1.0,56256
Emaeyak,NE,unknown,0.0,0
Anne,GB,female,1.0,52343
Mike,GB,male,1.0,116481
Lucy,GB,female,1.0,74558
Julia,CA,female,1.0,14513
Robbie,CA,male,0.95,663
Chris,CA,male,0.96,19942
Kimberly,US,female,1.0,234421
Christine,AU,female,1.0,14824
Kyong,NA,unknown,0.0,0
Jaap,NL,male,0.99,10556
Diane,AU,female,1.0,4940
Sarah,AU,female,1.0,33888
Jocelyne,US,female,1.0,2331
Robert,US,male,1.0,780374
Arnt,NO,male,1.0,1136
Kelly,CA,female,0.79,5465
Alison,CA,female,1.0,8233
Ruth,CA,female,1.0,8576
James,AU,male,1.0,41343
Lee,US,male,0.82,27231
Paula,PT,female,0.99,41709
Andy,AU,male,1.0,8119
Daniel,US,male,1.0,514673
Tyler,US,male,0.99,172556
Jabari,US,male,1.0,2071
Beate,GB,female,1.0,187
Wayne,US,male,1.0,106517
Hector,US,male,1.0,71964
Jada,CA,female,0.99,447
Sara,GB,female,0.99,39068
Norma,US,female,1.0,65637
Steve,US,male,1.0,469272
John,US,male,1.0,1328805
Kyle,US,male,1.0,194742
Anna,FI,female,0.99,10565
Elina,FI,female,0.99,9721
John,US,male,1.0,1328805
Kevin,US,male,1.0,510914
Frank,US,male,1.0,244714
Joshua,US,male,1.0,238499
Matthew,US,male,1.0,397759
Radio,US,male,0.67,3
Ren,US,male,0.66,780
Rebekah,US,female,1.0,25802
Ben,CA,male,1.0,17302
Katie,US,female,1.0,202841
Eva,AU,female,1.0,2859
Stefano,AU,male,1.0,446
Minja,FI,female,0.98,274
Taru,FI,female,0.98,2056
Bonnie,AU,female,1.0,1757
José,HK,male,0.8,15
Adam,HK,male,0.99,1257
Robert,US,male,1.0,780374
Michael,US,male,1.0,1225359
Sean,US,male,1.0,201492
Adam,GB,male,1.0,126969
Emma,GB,female,1.0,153324
Matt,GB,male,1.0,85893
Martin,FI,male,1.0,1126
Jake,GB,male,1.0,39672
Jay,US,male,0.98,180388
George,US,male,1.0,256540
Ragnhild,NO,female,1.0,2858
Aram,US,male,0.97,2078
Joseph,US,male,1.0,402489
Bertel,DK,male,0.99,126
Michael,NZ,male,1.0,7793
Toby,GB,male,0.99,6217
Joshua,US,male,1.0,238499
Charles,NA,male,0.99,513
E.,US,male,0.66,4302
Rebekah,US,female,1.0,25802
Thomas,US,male,1.0,360809
Stephen,CA,male,1.0,24652
Brian,US,male,1.0,541540
Jennifer,CA,female,1.0,50800
Tarah,CA,female,1.0,239
Steven,CA,male,1.0,22515
Peter,CA,male,1.0,51142
Andy,AU,male,1.0,8119
David,AU,male,1.0,79762
Natalie,AU,female,1.0,13590
Peter,CA,male,1.0,51142
Michael,GB,male,1.0,210764
Jasmine,US,female,1.0,78494
Gayle,US,female,0.97,4815
Theo,US,male,0.95,2237
Nicholas,NL,male,1.0,387
Ruth,GB,female,1.0,34887
Matthew,US,male,1.0,397759
Jorge,BR,male,1.0,73653
George,US,male,1.0,256540
Robert,US,male,1.0,780374
Kimberly,US,female,1.0,234421
José,US,male,0.99,17415
Patrick,US,male,1.0,250584
Jalil,US,male,0.99,1031
Emmett,US,male,1.0,4410
Adam,US,male,1.0,244154
Alexandria,IN,female,1.0,22
Iain,GB,male,1.0,23909
Patricia,US,female,1.0,273738
Christopher,US,male,1.0,374242
Skúli,US,male,1.0,3
William,US,male,1.0,452552
Jarek,US,male,1.0,815
Chandler,US,male,0.77,3102
Steve,US,male,1.0,469272
Megan,US,female,1.0,198799
Zachary,US,male,1.0,92819
Robert,US,male,1.0,780374
Catherine,US,female,1.0,122532
P.,AU,male,0.8,25
Erik,GB,male,0.99,2538
Graley,US,unknown,0.0,0
Amanda,NZ,female,1.0,2563
Michael,US,male,1.0,1225359
Marcus,GB,male,1.0,19231
Jake,US,male,1.0,102423
Masi,US,male,0.86,332
Amy,US,female,1.0,346962
Daniel,US,male,1.0,514673
Raymond,US,male,1.0,88537
Oliver,US,male,0.99,22495
Elizabeth,US,female,1.0,363876
Andrew,US,male,1.0,401335
Matthew,US,male,1.0,397759
Tore,NO,male,0.99,1702
Pedzisai,ZA,male,0.84,69
Lee,US,male,0.82,27231
Peter,NA,male,0.99,1178
J.,GB,male,0.84,1504
Alexander,US,male,1.0,122358
Niall,GB,male,1.0,8418
Andrew,GB,male,1.0,213867
Jian,CN,male,0.91,1266
Shuwen,CN,female,0.84,19
Christopher,GB,male,1.0,67360
Oliver,US,male,0.99,22495
Robin,US,female,0.82,26577
Catherine,US,female,1.0,122532
Richard,US,male,1.0,472162
Jonathan,US,male,1.0,269512
Megan,US,female,1.0,198799
Kirsten,CA,female,1.0,3211
Laura,NA,female,0.99,99
Teófilo,AW,male,1.0,2
Kyle,US,male,1.0,194742
Olivia,US,female,1.0,79470
Jessica,US,female,1.0,469432
Jada,CA,female,0.99,447
Petra,US,female,0.99,8996
Jericko,US,male,0.96,23
Benjamin,US,male,1.0,126160
Jared,US,male,1.0,80219
Michael,DE,male,1.0,226357
Sabia,US,female,0.99,74
Bernhard,AT,male,1.0,9899
Bernhard,AT,male,1.0,9899
Wayne,US,male,1.0,106517
Cary,AU,male,0.94,17
Wayne,US,male,1.0,106517
Michael,GB,male,1.0,210764
Ian,AU,male,1.0,24507
Samuel,AU,male,1.0,6356
Michail,GB,male,1.0,429
Aishwarya,CA,female,1.0,279
Patricia,CA,female,1.0,22151
Waleed,US,male,1.0,2993
Simran,GB,female,0.82,671
Edgar,NA,male,1.0,67
Rose,GB,female,0.99,16272
Andy,AU,male,1.0,8119
Clay,US,male,1.0,24407
Chris,GB,male,0.95,115838
Charles,US,male,1.0,289213
Robin,US,female,0.82,26577
Sean,US,male,1.0,201492
Esther,US,female,1.0,47575
Reem,US,female,0.97,3106
Avery,US,male,0.54,4180
Jesse,US,male,0.99,122174
Dave,US,male,1.0,257130
Steven,US,male,1.0,297274
Brian,US,male,1.0,541540
Amy,US,female,1.0,346962
Andrew,US,male,1.0,401335
Alyxandra,US,female,1.0,200
Kyung,US,male,0.53,316
CedarBough,IN,unknown,0.0,0
Matthias,BE,male,1.0,5099
Brian,US,male,1.0,541540
Oliver,CA,male,1.0,3227
Marcus,GB,male,1.0,19231
James,US,male,1.0,746260
Suzanne,US,female,1.0,89125
Charles,US,male,1.0,289213
Ann,SE,female,1.0,7175
Tami,AU,female,1.0,181
Sam,SE,male,0.97,2601
José,US,male,0.99,17415
Anne,NO,female,1.0,15774
Stan,NO,male,1.0,42
Amanda,US,female,1.0,340099
Heidi,US,female,1.0,74673
Cheryl,US,female,1.0,172284
Mari,NA,female,0.91,54
Andy,AU,male,1.0,8119
Ben,AU,male,1.0,26713
David,AU,male,1.0,79762
Natalie,AU,female,1.0,13590
Sandra,LB,female,0.98,1595
Jennifer,US,female,1.0,650408
C.,US,male,0.76,6761
Jan-Peter,GB,male,1.0,3
Mark,GB,male,1.0,282954
Jocelyn,US,female,0.99,28233
Brittany,US,female,1.0,150187
Theo,US,male,0.95,2237
Brian,US,male,1.0,541540
Sergio,FR,male,0.99,8105
Nicholas,AU,male,1.0,11365
Amy,US,female,1.0,346962
Danelle,US,female,1.0,3036
Sarah,US,female,1.0,416527
Shuwen,CN,female,0.84,19
Jian,CN,male,0.91,1266
Tobias,SE,male,1.0,11353
Ádám,HU,male,1.0,2187
Kenneth,US,male,1.0,150989
Henry,NZ,male,1.0,880
Griffin,US,male,0.99,7271
Nadine,NA,female,1.0,131
Francesca,NA,female,1.0,9
Sam,SE,male,0.97,2601
Jonas,SE,male,1.0,27369
Johannes,SE,male,1.0,3929
Deborah,US,female,1.0,169123
Kimberly,US,female,1.0,234421
Jocelyn,US,female,0.99,28233
Derek,NA,male,1.0,33
Pat,AU,male,0.65,138
David,IN,male,1.0,11521
Ross,GB,male,1.0,36555
Karen,NA,female,0.96,199
Stephanie,US,female,1.0,353984
Shana,US,female,1.0,16147
Gustavus,US,male,1.0,70
Chandra,US,female,0.95,13602
Thomas,US,male,1.0,360809
Sara,CA,female,1.0,18392
Thomas,US,male,1.0,360809
Christine,US,female,1.0,216791
Susan,US,female,1.0,400313
Emil,GB,male,0.99,1986
Francesca,US,female,1.0,14892
Robert,KR,male,0.99,326
Joe,NA,male,0.96,378
Kayla,IE,female,1.0,280
Llorián,ES,female,1.0,1
Sílvia,ES,female,1.0,969
Brendan,AU,male,1.0,9062
Paul,GB,male,1.0,350829
Tuomas,FI,male,1.0,5617
Richard,GB,male,1.0,194791
James,GB,male,1.0,280634
J.,US,male,0.9,18967
Scott,AU,male,1.0,22231
Andrew,US,male,1.0,401335
Sviatoslav,RU,male,1.0,56
Elena,RU,female,0.99,94801
Albina,RU,female,0.99,4231
Nicholas,US,male,1.0,171192
Meghan,US,female,1.0,49147
Brian,CA,male,1.0,44507
Shirli,US,female,1.0,75
Peter,US,male,1.0,252618
Jessica,US,female,1.0,469432
Stan,GB,male,0.99,5565
Adam,GB,male,1.0,126969
Jordan,US,male,0.79,45592
Myles,US,male,0.99,8087
Evanthia,GB,female,1.0,40
Ryan,US,male,1.0,385071
Christopher,US,male,1.0,374242
Chelsea,US,female,1.0,72639
Sophia,US,female,1.0,43245
Sondre,NO,male,1.0,718
David,NO,male,1.0,3328
Kimberly,NZ,female,1.0,190
Yngvar,NO,male,1.0,81
Olivia,US,female,1.0,79470
Alexandra,CA,female,1.0,13473
Steve,AU,male,1.0,28260
Adrian,AU,male,1.0,1110
Sarah,AU,female,1.0,33888
Alex,AU,male,1.0,20403
Ana,SI,female,0.99,3731
Christophe,FR,male,1.0,244277
Rob,GB,male,1.0,74427
Qian,CN,male,0.89,4333
Keith,GB,male,1.0,59806
Luke,GB,male,1.0,71847
Daniel,BR,male,1.0,137972
Andrew,GB,male,1.0,213867
Andrei,GB,male,0.99,5453
Nadia,CA,female,1.0,9426
Walescka,NZ,unknown,0.0,0
Christopher,US,male,1.0,374242
Louis,US,male,1.0,61475
Mehdi,US,male,1.0,5918
Nima,AU,male,0.96,26
Anne,GB,female,1.0,52343
Jon,AU,male,1.0,5587
Hannah,GB,female,1.0,78839
B.,GB,male,0.73,342
Jelena,FI,female,0.99,289
David,US,male,1.0,1143153
Federico,DE,male,1.0,942
Monika,DE,female,0.99,43283
Ana,SI,female,0.99,3731
Kathryn,US,female,1.0,85901
Steacy,NA,unknown,0.0,0
Charlene,CA,female,1.0,5444
Radio,US,male,0.67,3
Jesse,US,male,0.99,122174
Cara,US,female,1.0,26831
Birgit,DE,female,1.0,35875
Ellis,NO,female,0.78,9
Jonathan,GB,male,1.0,72078
Yupei,CN,female,0.5,8
Jeremy,US,male,1.0,173125
D.,US,male,0.76,4990
Beth,US,female,1.0,142214
Steven,US,male,1.0,297274
Simon,GB,male,1.0,147683
Pekka,FI,male,0.99,7821
Andrzej,PL,male,1.0,89415
Giacomo,FI,male,1.0,8
Megan,NZ,female,1.0,1879
Bernhard,AT,male,1.0,9899
Michaela,AT,female,0.99,10391
Phoebe,AU,female,1.0,1940
Benjamin,AT,male,1.0,3388
Bethan,GB,female,1.0,6543
Roberto,PT,male,0.99,5205
Sergio,IT,male,1.0,113311
Giulia,IT,female,0.99,211390
Salvatore,IT,male,0.99,263874
Sonjah,JM,unknown,0.0,0
Matt,CA,male,1.0,24946
Nathan,NA,male,0.99,150
Brian,GB,male,1.0,80450
Oana,GB,female,0.98,729
Paul,AU,male,1.0,55608
Nicholas,US,male,1.0,171192
Tawnya,US,female,1.0,2513
Josh,AU,male,1.0,9108
Guy,AU,male,1.0,3061
Moses,AU,male,1.0,376
Federico,DE,male,1.0,942
Matthew,NZ,male,1.0,3482
Brian,GB,male,1.0,80450
Oana,GB,female,0.98,729
Sara,US,female,1.0,194697
Karen,US,female,1.0,423700
Paula,US,female,1.0,126841
Kimberly,US,female,1.0,234421
Eric,US,male,1.0,406678
Simon,GB,male,1.0,147683
Eric,US,male,1.0,406678
Spike,GB,male,0.96,743
Andrew,AU,male,1.0,55402
David,CZ,male,0.99,50909
Margret,IS,female,1.0,247
Kristjan,IS,male,1.0,256
Arnar,IS,male,1.0,180
Mor,IL,female,0.73,4268
Noam,IL,male,0.68,5960
David,NZ,male,1.0,11702
Ian,AU,male,1.0,24507
Dale,DK,male,0.89,9
David,ZA,male,0.99,30744
Monika,DE,female,0.99,43283
Chris,GB,male,0.95,115838
Paula,PT,female,0.99,41709
Fernán,ES,male,0.95,21
S.,US,male,0.6,4022
Lauren,GB,female,1.0,63166
Susie,AU,female,1.0,2078
Brent,AU,male,1.0,3349
Gary,US,male,1.0,284129
Jane,US,female,1.0,131147
Haley,US,female,1.0,45404
Ernest,GH,male,0.99,5566
Julia,US,female,1.0,126268
Helma,US,female,0.99,133
Emily,IE,female,1.0,3140
Felix,AT,male,0.99,2720
Michael,NO,male,1.0,2738
Helen,GB,female,1.0,106677
Trishauna,GB,female,1.0,1
Olivia,GB,female,1.0,26423
James,GB,male,1.0,280634
Konrad,PL,male,1.0,25681
Jane,GB,female,1.0,87899
Christina,DE,female,0.99,37717
Martin,DE,male,1.0,106420
Beate,GB,female,1.0,187
Juliane,US,female,1.0,1338
Nick,US,male,1.0,212453
Murray,US,male,0.99,5765
Steven,PT,male,1.0,351
Maya,US,female,0.99,24400
Colleen,CA,female,1.0,10271
Ruth,US,female,1.0,95362
Paul,IN,male,1.0,8201
Maxim,JP,male,1.0,43
Paula,GB,female,1.0,37932
Rachel,GB,female,1.0,90827
Judith,GB,female,1.0,17861
Gregoire,FR,male,0.98,5460
James,IE,male,1.0,21289
Natalie,US,female,1.0,117847
Andrew,US,male,1.0,401335
Brian,CA,male,1.0,44507
Brianne,CA,female,1.0,1262
Andrew,US,male,1.0,401335
Bruce,CA,male,1.0,16412
Kai,NO,male,0.99,543
Steven,IE,male,1.0,2783
Peter,AT,male,1.0,24183
Ke,US,male,0.89,2189
Mari,JP,female,0.99,2718
Kieran,GB,male,0.99,14872
Rex,AU,male,1.0,1276
Arnt,NO,male,1.0,1136
Hendrik,NO,male,1.0,42
David,US,male,1.0,1143153
Heli,FI,female,0.98,4482
Sam,SE,male,0.97,2601
Zalika,US,female,1.0,145
James,NA,male,0.98,601
Alexandra,GB,female,1.0,23392
Jessica,GB,female,1.0,56301
Ryan,US,male,1.0,385071
John,US,male,1.0,1328805
Clinton,NA,male,1.0,49
Linus,DE,male,0.99,1553
José,HK,male,0.8,15
Luke,CA,male,1.0,7124
Marcus,US,male,1.0,72035
Paul,GB,male,1.0,350829
Danette,NA,female,1.0,4
Rasheedah,US,female,1.0,656
Paul,US,male,1.0,470459
Daniel,US,male,1.0,514673
Magdalena,AT,female,0.99,2808
Jennifer,NA,female,0.99,278
Maximilian,AT,male,1.0,2781
Johannes,FI,male,1.0,1833
Martin,FI,male,1.0,1126
Kim,FI,male,0.95,1783
Neil,US,male,1.0,51142
Eyram,BE,female,1.0,8
Xorlali,GH,male,0.6,15
Anja,NO,female,1.0,1405
Liz,AU,female,1.0,8067
Aleisha,NZ,female,1.0,151
Antoine,US,male,1.0,10655
Jan-Peter,GB,male,1.0,3
Samuel,CN,male,0.99,1947
Christina,US,female,1.0,199439
Alex,US,male,0.97,333242
Elina,FI,female,0.99,9721
Mikkel,US,male,0.97,98
Pedro,GB,male,0.99,6617
Elliott,US,male,0.98,3027
Meryl,US,female,0.99,604
Claudia,US,female,1.0,100747
Elissa,US,female,1.0,7216
Antonella,IT,female,1.0,196969
Johann,IT,male,0.98,324
Ruthie,US,female,1.0,5786
Henry,NZ,male,1.0,880
Mark,CA,male,1.0,56757
Johannes,DE,male,1.0,35940
Jan,DE,male,0.98,40695
Katharina,DE,female,0.99,42474
Niklas,DE,male,1.0,14752
Heiko,DE,male,1.0,28671
Maarit,FI,female,0.98,3593
Antti,FI,male,1.0,11241
Pedro,PT,male,1.0,124071
Sydney,DE,female,0.64,201
Eric,US,male,1.0,406678
Kristin,NL,female,0.99,254
Nora,NL,female,0.99,2532
Claudia,NA,female,0.98,406
Dan,US,male,1.0,293936
Matthias,BE,male,1.0,5099
Kavita,US,female,1.0,3159
Kara,US,female,1.0,47485
Jelena,FI,female,0.99,289
Emília,HU,female,1.0,79
John,US,male,1.0,1328805
Caleb,DE,male,1.0,97
Philipp,AT,male,1.0,8272
Paul,GB,male,1.0,350829
Nick,GB,male,1.0,93642
Anthea,US,female,1.0,818
Jess,US,male,0.77,28925
Philip,MT,male,0.99,554
Renè,MT,male,0.96,48
Robin,DE,male,0.98,12063
Maxine,DE,female,0.98,251
Julia,DE,female,0.99,78860
Tim,DE,male,1.0,42541
Joseph,US,male,1.0,402489
Jérémie,GB,male,1.0,39
Fabian,AU,male,1.0,736
Catherine,AU,female,1.0,11863
Virginia,US,female,1.0,66451
Donna,US,female,1.0,261704
Zack,NO,male,1.0,27
Alex,NA,male,0.95,496
Alison,US,female,1.0,57800
Eddy,US,male,0.97,7493
Lloyd,CA,male,1.0,3600
Matthew,US,male,1.0,397759
Bernhard,AT,male,1.0,9899
Paul,GB,male,1.0,350829
John,AU,male,1.0,80338
Younghoon,KR,male,1.0,98
Joseph,US,male,1.0,402489
Stephanie,GB,female,1.0,39187
Jan-Peter,GB,male,1.0,3
Mark,GB,male,1.0,282954
V.,US,male,0.55,976
Mischa,SE,male,0.57,30
Claire,US,female,1.0,54922
Nora,NL,female,0.99,2532
Kristin,NL,female,0.99,254
Mathew,GB,male,1.0,9126
Richard,GB,male,1.0,194791
Mel,US,male,0.51,5458
Marc,ZA,male,1.0,2837
Adam,GB,male,1.0,126969
Craig,GB,male,1.0,80939
Patrycja,GB,female,0.99,3488
Sarah,US,female,1.0,416527
Vince,US,male,1.0,31839
Marco,DE,male,1.0,62387
Danqing,CN,female,0.62,13
J.,NA,male,0.88,34
Franklyn,NA,male,1.0,1
Joel,US,male,1.0,122238
André,AT,male,0.99,178
Kai,AT,male,0.96,263
Dave,NZ,male,1.0,3957
Justin,NZ,male,1.0,1321
Angelique,NZ,female,1.0,148
Kostas,GR,male,0.99,30593
Yannis,GR,male,1.0,1222
Mathijs,NL,male,1.0,4297
Erin,US,female,1.0,167455
Loren,NA,female,0.83,6
Lauren,NA,female,0.85,33
Gayle,NA,female,1.0,4
Bradley,GB,male,1.0,15188
Dana,US,female,0.87,24792
Ayo,NE,male,1.0,13
Jeff,NZ,male,1.0,1434
Pat,AU,male,0.65,138
Julia,US,female,1.0,126268
Patrick,GB,male,1.0,39136
Frederick,US,male,1.0,27184
Nathanel,CN,unknown,0.0,0
Lyndon,GB,male,1.0,2123
Cristian,AU,male,1.0,542
Andrea,AU,female,0.99,8547
Paul,GB,male,1.0,350829
Ilaria,IT,female,0.99,97859
Elisha,ID,female,1.0,3
Jack,US,male,1.0,198045
Keith,GB,male,1.0,59806
Adrian,GB,male,0.99,19699
Gonzalo,AU,male,1.0,205
Dan,AU,male,1.0,8132
Raúl,AU,male,1.0,4
Catherine,AU,female,1.0,11863
Andy,AU,male,1.0,8119
Ben,AU,male,1.0,26713
Ian,AU,male,1.0,24507
Jelena,FI,female,0.99,289
Miles,US,male,0.99,15931
Giacomo,FI,male,1.0,8
Daniele,IT,male,0.99,201940
Alex,GB,male,0.87,150172
James,IE,male,1.0,21289
Alyssa,CA,female,1.0,5896
Juliana,US,female,1.0,20520
Anders,NA,unknown,0.0,0
Esther,GE,female,1.0,1
Abigail,GE,female,1.0,1
Andrew,GE,male,1.0,9
Erik,US,male,1.0,76136
Luiz,GE,unknown,0.0,0
Rebecca,US,female,1.0,232025
John,GB,male,1.0,368613
Ola,NO,female,0.73,3047
Bård,NO,male,1.0,359
Paul,CA,male,1.0,64307
Daniel,AU,male,1.0,36183
Alena,US,female,1.0,5529
Ian,GB,male,1.0,158624
Andrea,GE,male,0.67,9
Emilia,HU,female,1.0,318
Agnes,HU,female,0.99,3556
L.,US,male,0.6,3892
Ricardo,PT,male,1.0,72227
Patrice,US,female,0.98,18645
Hannah,NA,female,1.0,51
David,AU,male,1.0,79762
Jacqueline,US,female,1.0,102092
Raychl,US,female,1.0,3
Landon,US,male,1.0,12509
Gabriel,BR,male,1.0,135470
Nicolas,BR,male,1.0,9494
Herb,JP,male,1.0,5
Latoya,GB,female,0.99,435
Kamila,PL,female,0.99,40789
Kate,NA,female,0.97,39
Ailbhe,IE,female,0.98,314
Bryan,US,male,1.0,160522
Owen,GB,male,1.0,16135
Molly,GB,female,1.0,14823
Jonathan,US,male,1.0,269512
Ian,US,male,1.0,81025
Elliot,GB,male,0.99,4552
Vicky,HK,female,0.93,3900
Ambre,US,female,1.0,373
Maria,CY,female,0.99,10398
Kamila,GB,female,0.98,3854
Iñigo,ES,male,0.99,4428
Maria,PT,female,0.99,139700
Donald,US,male,1.0,130737
José,US,male,0.99,17415
Mario,DE,male,1.0,43841
Melanie,NL,female,1.0,8929
De,US,male,0.6,1139
Zachary,US,male,1.0,92819
Kamilah,US,female,1.0,1326
Robert,US,male,1.0,780374
Rafael,CO,male,1.0,45420
Samuel,CO,male,0.99,29772
Juan,CO,male,0.99,302015
Jill-Ann,GB,unknown,0.0,0
Clarence,GB,male,0.96,483
Rachel-Ann,GB,female,1.0,13
Keir,GB,male,0.97,539
C.,US,male,0.76,6761
Robyn,GB,female,0.99,8805
Natasha,GB,female,1.0,31283
Miles,NA,male,0.93,14
Manuel,NL,male,1.0,2841
Kristin,NL,female,0.99,254
Marco,PT,male,1.0,27396
Joanna,US,female,1.0,50150
Tilman,GB,male,0.97,31
Lambros,GB,male,1.0,63
Philip,NA,male,0.99,162
Raquel,GB,female,0.99,2520
Patrick,US,male,1.0,250584
Oded,IL,male,1.0,3384
James,GB,male,1.0,280634
Jeppe,DK,male,1.0,1599
Carol,US,female,1.0,246692
Håvard,NO,male,1.0,978
Hendrik,NO,male,1.0,42
David,GB,male,1.0,381854
Lachlan,AU,male,0.99,401
Adam,GB,male,1.0,126969
Ben,CA,male,1.0,17302
Mark,US,male,1.0,639702
Martin,FI,male,1.0,1126
John,GB,male,1.0,368613
Linus,DE,male,0.99,1553
John,KR,male,1.0,1593
Abenaa,GB,female,1.0,23
Lorena,US,female,1.0,33287
Laura,IE,female,1.0,13229
Clementine,CA,female,0.99,118
Kellie,NA,female,1.0,3
Rebekah,NA,female,1.0,4
Michael,US,male,1.0,1225359
Shuhei,JP,male,1.0,1124
Yusuke,JP,male,1.0,5864
Brittnay,US,female,1.0,546
Elodie,GB,female,0.99,750
Xinjie,CN,male,0.64,22
Klisala,DK,unknown,0.0,0
Morgan,CA,female,0.6,1379
Samson,US,male,0.99,4380
Jacob,US,male,1.0,173357
Anjuli,US,female,1.0,343
Georgina,GB,female,1.0,19500
Sarah,CA,female,1.0,46544
Lauron,US,female,0.96,47
Juan,AT,male,0.96,333
Josh,CA,male,1.0,14872
Georgina,GB,female,1.0,19500
Andreas,IE,male,1.0,259
Christi,NA,female,0.71,7
Veronika,SE,female,0.99,783
Sophie,AU,female,1.0,7876
Martin,AU,male,1.0,11744
Bjørn,AU,male,1.0,5
Luísa,PT,female,0.99,1369
Andrew,AU,male,1.0,55402
Adrian,AU,male,1.0,1110
Justin,NA,male,0.83,179
Monique,US,female,1.0,46608
Myoung-Sun,NA,unknown,0.0,0
Marina,ES,female,0.99,52403
María,ES,female,0.99,31803
Stanley,US,male,1.0,33038
Zack,NO,male,1.0,27
Michael,NA,male,0.98,1387
Orlaith,IE,female,1.0,727
Christin,US,female,0.95,1122
Russell,US,male,1.0,65741
Lee,GB,male,0.96,54637
Martha,GB,female,0.99,5153
Samuel,PA,male,0.99,2902
Alyssa,US,female,1.0,85527
Ian,CA,male,1.0,21374
Aaron,US,male,1.0,205289
David,NE,male,1.0,2410
Quintina,GE,unknown,0.0,0
Nzewi,US,female,1.0,1
Delia,IT,female,0.99,7544
Charlotte,AU,female,1.0,3959
Sebastian,AU,male,1.0,2337
Simone,NA,female,0.96,72
Juliana,NA,female,0.97,189
Simone,NA,female,0.96,72
Petr,CZ,male,0.99,147469
Leonard,US,male,1.0,34692
Norma,NA,female,1.0,33
Artur,PL,male,1.0,53038
Sophie,EG,female,0.95,173
Susan,GB,female,1.0,75028
Alison,GB,female,1.0,65221
Chris,GB,male,0.95,115838
N.,US,male,0.6,1233
Anne,NO,female,1.0,15774
Mats,NO,male,1.0,2223
Ragnhild,NO,female,1.0,2858
Bjornar,NO,male,1.0,42
Kjetil,NO,male,1.0,1582
Nick,NZ,male,1.0,3720
Carol,NA,female,0.99,138
Cesare,NA,unknown,0.0,0
Justin,NA,male,0.83,179
Aubrey,NA,male,1.0,34
Veronika,SE,female,0.99,783
Mina,US,female,0.78,4292
Nick,GB,male,1.0,93642
Fiona,CA,female,1.0,3908
Dan,US,male,1.0,293936
Ryan,US,male,1.0,385071
蒋玉涵,GB,unknown,0.0,0
Kai,NO,male,0.99,543
Tyler,US,male,0.99,172556
Miriam,NA,female,0.96,142
Joshua,NA,male,0.98,181
Eirik,NO,male,1.0,5431
Andreas,NO,male,1.0,7871
Artur,PL,male,1.0,53038
Parichat,US,female,1.0,7
Richard,GB,male,1.0,194791
Walton,NA,unknown,0.0,0
Matthew,TH,male,1.0,258
Thanyavee,TH,female,1.0,2
Francesca,IT,female,0.99,365270
Ian,US,male,1.0,81025
Mimi,GB,female,0.97,2535
Bethany,GB,female,1.0,14382
Felix,DE,male,1.0,34724
Aidan,GB,male,0.99,4805
Amy,GB,female,1.0,78771
Wonseok,US,male,1.0,8
Grace,US,female,1.0,87996
Anastassiya,US,female,1.0,24
Matthew,NZ,male,1.0,3482
Morgan,NA,male,0.69,55
Kate,NA,female,0.97,39
Amy,NA,female,0.96,69
Stacey,NL,female,0.95,548
Joseph,GB,male,1.0,38183
Hussein,GB,male,0.99,1869
Alyxandra,US,female,1.0,200
Carmen,US,female,0.98,50839
Armin,US,male,0.99,2273
Khalil,US,male,1.0,5800
Kristina,US,female,1.0,61697
Riki,NZ,male,0.56,9
Ethan,US,male,1.0,51135
Adrian,NA,male,0.96,28
Dave,GB,male,1.0,116162
Julie,NA,female,0.99,70
Kurt,CA,male,1.0,2807
Jason,CA,male,1.0,50338
Stefan,CA,male,1.0,3867
Kate,US,female,1.0,101957
Simone,NA,female,0.96,72
João,NA,male,1.0,15
Kimberly,NA,female,0.95,21
Jonathan,NA,male,0.98,224
Leila,US,female,1.0,11636
Alex,GB,male,0.87,150172
Tessa,NZ,female,1.0,527
Artur,PL,male,1.0,53038
Claire,CA,female,1.0,9918
Tom,GB,male,1.0,133158
Marta,PL,female,0.99,113620
Jason,IN,male,1.0,2389
Douglas,CA,male,1.0,7290
Carlos,NA,male,0.98,279
J.,NA,male,0.88,34
Emmalouise,US,female,1.0,5
Tessa,GB,female,1.0,4364
Jenna,GB,female,1.0,10456
Megan,US,female,1.0,198799
Javier,US,male,1.0,81703
Raina,US,female,1.0,3174
Nathan,NA,male,0.99,150
Donna,AU,female,1.0,9619
Leah,AU,female,1.0,4541
Jacob,US,male,1.0,173357
Tessa,BE,female,0.99,2188
Maria,CY,female,0.99,10398
Yiannis,CY,male,1.0,1352
Lauren,SE,female,0.98,56
Michael,GB,male,1.0,210764
Burcu,TR,female,0.97,32752
Taylor,US,female,0.67,30263
Jan,CZ,male,0.98,75414
Ben,CA,male,1.0,17302
Chris,DE,male,0.93,31997
Florian,DE,male,1.0,63499
Colomba,CA,female,1.0,5
Jacob,CL,male,0.99,889
Kelly,US,female,0.87,55702
Jonathan,US,male,1.0,269512
Tobias,SE,male,1.0,11353
Barak,IL,male,0.99,3063
Lee,GB,male,0.96,54637
Monika,DE,female,0.99,43283
Mazha,IN,male,1.0,1
Sudipta,IN,male,0.7,618
Mayam,IN,female,0.5,2
Andreas,NO,male,1.0,7871
Jan-Peter,GB,male,1.0,3
Katherine,NO,female,1.0,100
Ingrid,GB,female,1.0,3721
Simon,GB,male,1.0,147683
Qian,CN,male,0.89,4333
L.,GB,male,0.6,293
Joanna,GB,female,0.99,34511
Kavita,NA,male,0.57,7
Laura,CL,female,1.0,8768
Moses,GH,male,0.99,2579
Laryea,CA,unknown,0.0,0
Pyar,NA,unknown,0.0,0
Adam,GB,male,1.0,126969
Katherine,GB,female,1.0,19009
John,SE,male,1.0,8482
Marco,PT,male,1.0,27396
Patricia,US,female,1.0,273738
Christopher,US,male,1.0,374242
Juliana,US,female,1.0,20520
Inka,FI,female,0.98,1093
Robin,NA,male,0.85,26
Sébastien,FR,male,1.0,41182
Brian,US,male,1.0,541540
Garth,US,male,1.0,4961
Joseph,GB,male,1.0,38183
Keith,NA,male,0.97,75
Ozan,TR,male,0.98,37779
Emrah,TR,male,0.98,78105
Hakan,TR,male,0.98,217571
Anna,HU,female,1.0,12365
Ádám,HU,male,1.0,2187
Alaba,US,male,0.66,47
Benjamin,AU,male,1.0,8590
Aleš,CZ,male,1.0,3929
Julia,US,female,1.0,126268
Marit,NL,female,1.0,4341
Thomas,NL,male,1.0,20565
Jenessa,GB,female,1.0,29
Ruth,US,female,1.0,95362
Anna,US,female,1.0,195727
Elsa,FR,female,0.99,20197
Julia,US,female,1.0,126268
George,CA,male,1.0,25789
Richard,NA,male,0.98,534
Thorsten,DE,male,1.0,33482
Behrang,CA,male,1.0,78
Emília,HU,female,1.0,79
Ágnes,HU,female,1.0,2078
Máté,HU,male,0.99,1578
Jo,US,female,0.96,51572
David,GB,male,1.0,381854
Francesca,US,female,1.0,14892
Claire,BG,female,1.0,18
Emily,US,female,1.0,268077
Ofer,NA,unknown,0.0,0
Nili,NA,unknown,0.0,0
Alexandra,NL,female,1.0,4343
Diane,AU,female,1.0,4940
Amanda,GB,female,1.0,62214
Cameron,CA,male,0.98,2303
Alexandra,US,female,1.0,88612
Peter,DE,male,1.0,127781
David,GB,male,1.0,381854
D.,GB,male,0.84,661
Cynthia,US,female,1.0,174510
Katri,FI,female,0.99,4445
Marja-Leena,FI,female,0.99,1132
Diane,AU,female,1.0,4940
Julian,AU,male,1.0,4376
Isabella,NA,female,0.97,130
Keith,NA,male,0.97,75
Ozan,TR,male,0.98,37779
Genevieve,US,female,1.0,12340
Fiamma,IT,female,0.94,1429
Peter,IT,male,0.99,10048
Shana,NA,female,1.0,3
Derek,NA,male,1.0,33
Joshua,NA,male,0.98,181
Maya,NA,female,0.82,60
Matthew,NA,male,0.99,183
Juno,NA,male,1.0,5
Barbara,GB,female,1.0,34646
Ryan,US,male,1.0,385071
Fabien,US,male,0.99,841
Guangbin,AU,unknown,0.0,0
Dave,US,male,1.0,257130
Håvard,NO,male,1.0,978
Kristine,DK,female,1.0,2149
Katrine,DK,female,1.0,5376
Liang,DE,male,0.93,135
Jonathan,AU,male,1.0,9038
Colin,AU,male,1.0,10685
Michael,US,male,1.0,1225359
Yiu-Wai,HK,unknown,0.0,0
Ajitpaul,US,male,1.0,1
Sarah,US,female,1.0,416527
Marshall,US,male,1.0,21553
Jamie,US,female,0.65,38185
Jonathan,NA,male,0.98,224
Anelise,NA,unknown,0.0,0
Roland,AT,male,1.0,7154
Pablo,NA,male,0.91,23
Carlos,US,male,1.0,248478
Pat,AU,male,0.65,138
Xawery,PL,male,0.94,90
Samantha,GB,female,1.0,59077
Rosie,AU,female,1.0,2183
Sam,AU,male,1.0,21732
Marek,NL,male,1.0,1559
Yves,CH,male,0.99,2789
Ondřej,CZ,male,1.0,6966
Jakub,CZ,male,0.99,39403
Phineas,ZA,male,0.98,1250
Tiao,US,male,1.0,6
Clint,US,male,1.0,26897
Alexandrine,NA,female,1.0,16
Ben,AU,male,1.0,26713
Marc,MT,male,0.99,137
Jason,US,male,1.0,459565
Joseph,ZA,male,0.98,15538
Pavel,CZ,male,0.99,94352
Ivan,CZ,male,0.99,10794
Rudolf,CZ,male,0.99,4442
Miroslav,CZ,male,0.99,32023
Carsten,DE,male,1.0,29761
Michael,DE,male,1.0,226357
Abhishek,IN,male,1.0,137004
Patrick,SG,male,0.99,2508
Xin,MY,female,0.86,2082
Jeremy,SG,male,0.99,2143
Adil,MY,male,0.96,741
Rami,NA,unknown,0.0,0
Jan-Peter,GB,male,1.0,3
Mark,GB,male,1.0,282954
Nicola,AU,female,0.75,175
Hannah,AU,female,1.0,8000
Oliver,NA,male,0.96,71
Martina,US,female,1.0,12298
Marta,PL,female,0.99,113620
Georgina,NA,female,0.99,88
Andrew,NA,male,0.98,589
Gabrielle,GB,female,1.0,4456
Monika,DE,female,0.99,43283
Aditi,NA,unknown,0.0,0
Matt,US,male,1.0,300138
Massimiliano,IT,male,1.0,94410
Riccardo,IT,male,1.0,157104
D.,TW,male,0.83,29
Benjamin,DE,male,1.0,34082
Guangbin,AU,unknown,0.0,0
Becky,NA,female,0.96,46
Juliet,US,female,1.0,11243
Benjamin,US,male,1.0,126160
Richard,GB,male,1.0,194791
Max,NA,male,0.97,324
Jacob,NA,male,0.98,268
Andrew,AE,male,1.0,1338
Sanghwa,NL,unknown,0.0,0
Robert,GB,male,1.0,140218
Geoffrey,NA,male,1.0,39
Monika,PL,female,0.99,142364
Mariusz,PL,male,1.0,75284
Ricardo,CL,male,1.0,34269
Eleanor,GB,female,1.0,16635
Jane,ZA,female,0.97,7206
John,GB,male,1.0,368613
Ben,BE,male,0.98,9370
Frederik,BE,male,1.0,5838
